participant,overall.dur,roughness,stimulus,etymology.source,all.r,all.l
R_3CHocKls9HFwIp0,569,2.73,barázdált,slavic,1,1
R_231pwiLAC5ZSwkg,588,2.33,barázdált,slavic,1,1
R_pK6D4qIrzWOHXrj,774,3.25,barázdált,slavic,1,1
R_8nZbxNURhEAQ0wN,768,2.58,barázdált,slavic,1,1
R_1KmaYsKDeil9Ulu,630,2.94,barázdált,slavic,1,1
R_2f73AcR8uA82XLd,773,5.07,barázdált,slavic,1,1
R_3ELPEMeSqeojjKD,4499,3.87,barázdált,slavic,1,1
R_29QlGRes7a1ZuSt,1006,6.07,barázdált,slavic,1,1
R_AgvhV0T99Hi9hAt,4604,1.22,barázdált,slavic,1,1
R_3QR929IrgiCVniq,519,3.08,barázdált,slavic,1,1
R_2t6dfZt35dI0dhl,682,2.13,barázdált,slavic,1,1
R_3Po5gbqeIdAHi9l,668,2.01,barázdált,slavic,1,1
R_32Mja3MNPo5Np98,536,7,barázdált,slavic,1,1
R_3qsVbzSPnkEZ9Pu,483,3.39,barázdált,slavic,1,1
R_qBZVAGbiygl16yR,674,1.07,barázdált,slavic,1,1
R_3MEgzBiFCJBMAUN,457,5.7,barázdált,slavic,1,1
R_rkYNuZF0SgK0JGh,732,2.82,barázdált,slavic,1,1
R_29oCgZSCYIJePHg,792,3.37,barázdált,slavic,1,1
R_2pY9bqFFpuTAS1a,284,7,barázdált,slavic,1,1
R_1GwflvMIvtpVDSz,652,5.74,barázdált,slavic,1,1
R_3CHocKls9HFwIp0,569,1.21,bodros,from other,1,0
R_231pwiLAC5ZSwkg,588,0,bodros,from other,1,0
R_pK6D4qIrzWOHXrj,774,2.14,bodros,from other,1,0
R_8nZbxNURhEAQ0wN,768,0,bodros,from other,1,0
R_1KmaYsKDeil9Ulu,630,4.15,bodros,from other,1,0
R_2f73AcR8uA82XLd,773,0,bodros,from other,1,0
R_3ELPEMeSqeojjKD,4499,4.78,bodros,from other,1,0
R_29QlGRes7a1ZuSt,1006,0,bodros,from other,1,0
R_AgvhV0T99Hi9hAt,4604,0,bodros,from other,1,0
R_3QR929IrgiCVniq,519,1.56,bodros,from other,1,0
R_2t6dfZt35dI0dhl,682,2.82,bodros,from other,1,0
R_3Po5gbqeIdAHi9l,668,0,bodros,from other,1,0
R_32Mja3MNPo5Np98,536,1.2,bodros,from other,1,0
R_3qsVbzSPnkEZ9Pu,483,2.16,bodros,from other,1,0
R_qBZVAGbiygl16yR,674,2.59,bodros,from other,1,0
R_3MEgzBiFCJBMAUN,457,0,bodros,from other,1,0
R_rkYNuZF0SgK0JGh,732,-0.85,bodros,from other,1,0
R_29oCgZSCYIJePHg,792,1.32,bodros,from other,1,0
R_2pY9bqFFpuTAS1a,284,7,bodros,from other,1,0
R_1GwflvMIvtpVDSz,652,3.14,bodros,from other,1,0
R_3CHocKls9HFwIp0,569,1.26,bolyhos,unknown,0,0
R_231pwiLAC5ZSwkg,588,1.44,bolyhos,unknown,0,0
R_pK6D4qIrzWOHXrj,774,-3.85,bolyhos,unknown,0,0
R_8nZbxNURhEAQ0wN,768,0,bolyhos,unknown,0,0
R_1KmaYsKDeil9Ulu,630,2.54,bolyhos,unknown,0,0
R_2f73AcR8uA82XLd,773,0,bolyhos,unknown,0,0
R_3ELPEMeSqeojjKD,4499,4.37,bolyhos,unknown,0,0
R_29QlGRes7a1ZuSt,1006,1.35,bolyhos,unknown,0,0
R_AgvhV0T99Hi9hAt,4604,-0.75,bolyhos,unknown,0,0
R_3QR929IrgiCVniq,519,1.3,bolyhos,unknown,0,0
R_2t6dfZt35dI0dhl,682,1.14,bolyhos,unknown,0,0
R_3Po5gbqeIdAHi9l,668,0,bolyhos,unknown,0,0
R_32Mja3MNPo5Np98,536,0,bolyhos,unknown,0,0
R_3qsVbzSPnkEZ9Pu,483,0,bolyhos,unknown,0,0
R_qBZVAGbiygl16yR,674,1.11,bolyhos,unknown,0,0
R_3MEgzBiFCJBMAUN,457,1.75,bolyhos,unknown,0,0
R_rkYNuZF0SgK0JGh,732,-1.42,bolyhos,unknown,0,0
R_29oCgZSCYIJePHg,792,-0.63,bolyhos,unknown,0,0
R_2pY9bqFFpuTAS1a,284,0.02,bolyhos,unknown,0,0
R_1GwflvMIvtpVDSz,652,1.2,bolyhos,unknown,0,0
R_3CHocKls9HFwIp0,569,3.37,bordázott,slavic,1,0
R_231pwiLAC5ZSwkg,588,1.52,bordázott,slavic,1,0
R_pK6D4qIrzWOHXrj,774,0.36,bordázott,slavic,1,0
R_8nZbxNURhEAQ0wN,768,0,bordázott,slavic,1,0
R_1KmaYsKDeil9Ulu,630,5.78,bordázott,slavic,1,0
R_2f73AcR8uA82XLd,773,4.12,bordázott,slavic,1,0
R_3ELPEMeSqeojjKD,4499,4.11,bordázott,slavic,1,0
R_29QlGRes7a1ZuSt,1006,0,bordázott,slavic,1,0
R_AgvhV0T99Hi9hAt,4604,0.99,bordázott,slavic,1,0
R_3QR929IrgiCVniq,519,2.13,bordázott,slavic,1,0
R_2t6dfZt35dI0dhl,682,3.19,bordázott,slavic,1,0
R_3Po5gbqeIdAHi9l,668,1.05,bordázott,slavic,1,0
R_32Mja3MNPo5Np98,536,4.1,bordázott,slavic,1,0
R_3qsVbzSPnkEZ9Pu,483,3.06,bordázott,slavic,1,0
R_qBZVAGbiygl16yR,674,2.26,bordázott,slavic,1,0
R_3MEgzBiFCJBMAUN,457,5.84,bordázott,slavic,1,0
R_rkYNuZF0SgK0JGh,732,1.83,bordázott,slavic,1,0
R_29oCgZSCYIJePHg,792,3.59,bordázott,slavic,1,0
R_2pY9bqFFpuTAS1a,284,7,bordázott,slavic,1,0
R_1GwflvMIvtpVDSz,652,3.92,bordázott,slavic,1,0
R_3CHocKls9HFwIp0,569,3.52,borostás,germanic,1,0
R_231pwiLAC5ZSwkg,588,3.15,borostás,germanic,1,0
R_pK6D4qIrzWOHXrj,774,4.96,borostás,germanic,1,0
R_8nZbxNURhEAQ0wN,768,5.17,borostás,germanic,1,0
R_1KmaYsKDeil9Ulu,630,2.41,borostás,germanic,1,0
R_2f73AcR8uA82XLd,773,6.19,borostás,germanic,1,0
R_3ELPEMeSqeojjKD,4499,5.39,borostás,germanic,1,0
R_29QlGRes7a1ZuSt,1006,6.45,borostás,germanic,1,0
R_AgvhV0T99Hi9hAt,4604,5.52,borostás,germanic,1,0
R_3QR929IrgiCVniq,519,4.02,borostás,germanic,1,0
R_2t6dfZt35dI0dhl,682,5.3,borostás,germanic,1,0
R_3Po5gbqeIdAHi9l,668,1.95,borostás,germanic,1,0
R_32Mja3MNPo5Np98,536,5.11,borostás,germanic,1,0
R_3qsVbzSPnkEZ9Pu,483,2.49,borostás,germanic,1,0
R_qBZVAGbiygl16yR,674,3.93,borostás,germanic,1,0
R_3MEgzBiFCJBMAUN,457,4.69,borostás,germanic,1,0
R_rkYNuZF0SgK0JGh,732,3.96,borostás,germanic,1,0
R_29oCgZSCYIJePHg,792,5.78,borostás,germanic,1,0
R_2pY9bqFFpuTAS1a,284,4.38,borostás,germanic,1,0
R_1GwflvMIvtpVDSz,652,3.37,borostás,germanic,1,0
R_3CHocKls9HFwIp0,569,1.13,buborékos,from other,1,0
R_231pwiLAC5ZSwkg,588,0,buborékos,from other,1,0
R_pK6D4qIrzWOHXrj,774,-2.3,buborékos,from other,1,0
R_8nZbxNURhEAQ0wN,768,-6.76,buborékos,from other,1,0
R_1KmaYsKDeil9Ulu,630,-1.68,buborékos,from other,1,0
R_2f73AcR8uA82XLd,773,1.18,buborékos,from other,1,0
R_3ELPEMeSqeojjKD,4499,3.96,buborékos,from other,1,0
R_29QlGRes7a1ZuSt,1006,0,buborékos,from other,1,0
R_AgvhV0T99Hi9hAt,4604,0,buborékos,from other,1,0
R_3QR929IrgiCVniq,519,-1.81,buborékos,from other,1,0
R_2t6dfZt35dI0dhl,682,0,buborékos,from other,1,0
R_3Po5gbqeIdAHi9l,668,0,buborékos,from other,1,0
R_32Mja3MNPo5Np98,536,-4.04,buborékos,from other,1,0
R_3qsVbzSPnkEZ9Pu,483,0,buborékos,from other,1,0
R_qBZVAGbiygl16yR,674,0.04,buborékos,from other,1,0
R_3MEgzBiFCJBMAUN,457,-3.81,buborékos,from other,1,0
R_rkYNuZF0SgK0JGh,732,-1.06,buborékos,from other,1,0
R_29oCgZSCYIJePHg,792,-0.99,buborékos,from other,1,0
R_2pY9bqFFpuTAS1a,284,5.88,buborékos,from other,1,0
R_1GwflvMIvtpVDSz,652,3,buborékos,from other,1,0
R_3CHocKls9HFwIp0,569,-4.15,bársonyos,turkic,1,0
R_231pwiLAC5ZSwkg,588,-1.01,bársonyos,turkic,1,0
R_pK6D4qIrzWOHXrj,774,-5.04,bársonyos,turkic,1,0
R_8nZbxNURhEAQ0wN,768,-3.08,bársonyos,turkic,1,0
R_1KmaYsKDeil9Ulu,630,-3.77,bársonyos,turkic,1,0
R_2f73AcR8uA82XLd,773,0.57,bársonyos,turkic,1,0
R_3ELPEMeSqeojjKD,4499,-3.51,bársonyos,turkic,1,0
R_29QlGRes7a1ZuSt,1006,-6.95,bársonyos,turkic,1,0
R_AgvhV0T99Hi9hAt,4604,-2.84,bársonyos,turkic,1,0
R_3QR929IrgiCVniq,519,-7,bársonyos,turkic,1,0
R_2t6dfZt35dI0dhl,682,-0.93,bársonyos,turkic,1,0
R_3Po5gbqeIdAHi9l,668,-4.95,bársonyos,turkic,1,0
R_32Mja3MNPo5Np98,536,-7,bársonyos,turkic,1,0
R_3qsVbzSPnkEZ9Pu,483,-4.63,bársonyos,turkic,1,0
R_qBZVAGbiygl16yR,674,-6.02,bársonyos,turkic,1,0
R_3MEgzBiFCJBMAUN,457,-5.13,bársonyos,turkic,1,0
R_rkYNuZF0SgK0JGh,732,-3.63,bársonyos,turkic,1,0
R_29oCgZSCYIJePHg,792,-6.29,bársonyos,turkic,1,0
R_2pY9bqFFpuTAS1a,284,-7,bársonyos,turkic,1,0
R_1GwflvMIvtpVDSz,652,-1.97,bársonyos,turkic,1,0
R_3CHocKls9HFwIp0,569,3.55,bütykös,from other,0,0
R_231pwiLAC5ZSwkg,588,3.17,bütykös,from other,0,0
R_pK6D4qIrzWOHXrj,774,2.14,bütykös,from other,0,0
R_8nZbxNURhEAQ0wN,768,1.56,bütykös,from other,0,0
R_1KmaYsKDeil9Ulu,630,4.15,bütykös,from other,0,0
R_2f73AcR8uA82XLd,773,4.06,bütykös,from other,0,0
R_3ELPEMeSqeojjKD,4499,2.55,bütykös,from other,0,0
R_29QlGRes7a1ZuSt,1006,1.4,bütykös,from other,0,0
R_AgvhV0T99Hi9hAt,4604,1.42,bütykös,from other,0,0
R_3QR929IrgiCVniq,519,4.79,bütykös,from other,0,0
R_2t6dfZt35dI0dhl,682,3.02,bütykös,from other,0,0
R_3Po5gbqeIdAHi9l,668,2.13,bütykös,from other,0,0
R_32Mja3MNPo5Np98,536,4.16,bütykös,from other,0,0
R_3qsVbzSPnkEZ9Pu,483,2.4,bütykös,from other,0,0
R_qBZVAGbiygl16yR,674,1.09,bütykös,from other,0,0
R_3MEgzBiFCJBMAUN,457,5.19,bütykös,from other,0,0
R_rkYNuZF0SgK0JGh,732,3.81,bütykös,from other,0,0
R_29oCgZSCYIJePHg,792,5.15,bütykös,from other,0,0
R_2pY9bqFFpuTAS1a,284,4.46,bütykös,from other,0,0
R_1GwflvMIvtpVDSz,652,3.63,bütykös,from other,0,0
R_3CHocKls9HFwIp0,569,3.53,csipkés,innovation,0,0
R_231pwiLAC5ZSwkg,588,1.12,csipkés,innovation,0,0
R_pK6D4qIrzWOHXrj,774,1.49,csipkés,innovation,0,0
R_8nZbxNURhEAQ0wN,768,0.47,csipkés,innovation,0,0
R_1KmaYsKDeil9Ulu,630,2.18,csipkés,innovation,0,0
R_2f73AcR8uA82XLd,773,1.66,csipkés,innovation,0,0
R_3ELPEMeSqeojjKD,4499,2.28,csipkés,innovation,0,0
R_29QlGRes7a1ZuSt,1006,2.61,csipkés,innovation,0,0
R_AgvhV0T99Hi9hAt,4604,0,csipkés,innovation,0,0
R_3QR929IrgiCVniq,519,1.42,csipkés,innovation,0,0
R_2t6dfZt35dI0dhl,682,1.06,csipkés,innovation,0,0
R_3Po5gbqeIdAHi9l,668,1.1,csipkés,innovation,0,0
R_32Mja3MNPo5Np98,536,-2.96,csipkés,innovation,0,0
R_3qsVbzSPnkEZ9Pu,483,1.83,csipkés,innovation,0,0
R_qBZVAGbiygl16yR,674,2.06,csipkés,innovation,0,0
R_3MEgzBiFCJBMAUN,457,1.97,csipkés,innovation,0,0
R_rkYNuZF0SgK0JGh,732,4.93,csipkés,innovation,0,0
R_29oCgZSCYIJePHg,792,2.9,csipkés,innovation,0,0
R_2pY9bqFFpuTAS1a,284,3.92,csipkés,innovation,0,0
R_1GwflvMIvtpVDSz,652,1.58,csipkés,innovation,0,0
R_3CHocKls9HFwIp0,569,6.34,csiszoló,innovation,0,1
R_231pwiLAC5ZSwkg,588,2.52,csiszoló,innovation,0,1
R_pK6D4qIrzWOHXrj,774,6.29,csiszoló,innovation,0,1
R_8nZbxNURhEAQ0wN,768,7,csiszoló,innovation,0,1
R_1KmaYsKDeil9Ulu,630,2.37,csiszoló,innovation,0,1
R_2f73AcR8uA82XLd,773,-1.16,csiszoló,innovation,0,1
R_3ELPEMeSqeojjKD,4499,4.75,csiszoló,innovation,0,1
R_29QlGRes7a1ZuSt,1006,0,csiszoló,innovation,0,1
R_AgvhV0T99Hi9hAt,4604,5.03,csiszoló,innovation,0,1
R_3QR929IrgiCVniq,519,3.55,csiszoló,innovation,0,1
R_2t6dfZt35dI0dhl,682,-6.27,csiszoló,innovation,0,1
R_3Po5gbqeIdAHi9l,668,0,csiszoló,innovation,0,1
R_32Mja3MNPo5Np98,536,6.19,csiszoló,innovation,0,1
R_3qsVbzSPnkEZ9Pu,483,-2.73,csiszoló,innovation,0,1
R_qBZVAGbiygl16yR,674,6.17,csiszoló,innovation,0,1
R_3MEgzBiFCJBMAUN,457,5.11,csiszoló,innovation,0,1
R_rkYNuZF0SgK0JGh,732,6.61,csiszoló,innovation,0,1
R_29oCgZSCYIJePHg,792,7,csiszoló,innovation,0,1
R_2pY9bqFFpuTAS1a,284,0.02,csiszoló,innovation,0,1
R_1GwflvMIvtpVDSz,652,2.39,csiszoló,innovation,0,1
R_3CHocKls9HFwIp0,569,0,csontos,finnougric,0,0
R_231pwiLAC5ZSwkg,588,1.1,csontos,finnougric,0,0
R_pK6D4qIrzWOHXrj,774,0,csontos,finnougric,0,0
R_8nZbxNURhEAQ0wN,768,0,csontos,finnougric,0,0
R_1KmaYsKDeil9Ulu,630,-3.1,csontos,finnougric,0,0
R_2f73AcR8uA82XLd,773,2.21,csontos,finnougric,0,0
R_3ELPEMeSqeojjKD,4499,3.7,csontos,finnougric,0,0
R_29QlGRes7a1ZuSt,1006,2.17,csontos,finnougric,0,0
R_AgvhV0T99Hi9hAt,4604,0,csontos,finnougric,0,0
R_3QR929IrgiCVniq,519,2.46,csontos,finnougric,0,0
R_2t6dfZt35dI0dhl,682,3.1,csontos,finnougric,0,0
R_3Po5gbqeIdAHi9l,668,-1.81,csontos,finnougric,0,0
R_32Mja3MNPo5Np98,536,-3.86,csontos,finnougric,0,0
R_3qsVbzSPnkEZ9Pu,483,3.44,csontos,finnougric,0,0
R_qBZVAGbiygl16yR,674,0.85,csontos,finnougric,0,0
R_3MEgzBiFCJBMAUN,457,5.44,csontos,finnougric,0,0
R_rkYNuZF0SgK0JGh,732,-3.15,csontos,finnougric,0,0
R_29oCgZSCYIJePHg,792,5.86,csontos,finnougric,0,0
R_2pY9bqFFpuTAS1a,284,5.92,csontos,finnougric,0,0
R_1GwflvMIvtpVDSz,652,1.32,csontos,finnougric,0,0
R_3CHocKls9HFwIp0,569,0,csupasz,innovation,0,0
R_231pwiLAC5ZSwkg,588,0,csupasz,innovation,0,0
R_pK6D4qIrzWOHXrj,774,-4.53,csupasz,innovation,0,0
R_8nZbxNURhEAQ0wN,768,-5.8,csupasz,innovation,0,0
R_1KmaYsKDeil9Ulu,630,-2.32,csupasz,innovation,0,0
R_2f73AcR8uA82XLd,773,-5.36,csupasz,innovation,0,0
R_3ELPEMeSqeojjKD,4499,-6.24,csupasz,innovation,0,0
R_29QlGRes7a1ZuSt,1006,0,csupasz,innovation,0,0
R_AgvhV0T99Hi9hAt,4604,-6.98,csupasz,innovation,0,0
R_3QR929IrgiCVniq,519,-2.84,csupasz,innovation,0,0
R_2t6dfZt35dI0dhl,682,-4.08,csupasz,innovation,0,0
R_3Po5gbqeIdAHi9l,668,-4.06,csupasz,innovation,0,0
R_32Mja3MNPo5Np98,536,-7,csupasz,innovation,0,0
R_3qsVbzSPnkEZ9Pu,483,-4.86,csupasz,innovation,0,0
R_qBZVAGbiygl16yR,674,-6.1,csupasz,innovation,0,0
R_3MEgzBiFCJBMAUN,457,-4.06,csupasz,innovation,0,0
R_rkYNuZF0SgK0JGh,732,-4.79,csupasz,innovation,0,0
R_29oCgZSCYIJePHg,792,-4.65,csupasz,innovation,0,0
R_2pY9bqFFpuTAS1a,284,-6.98,csupasz,innovation,0,0
R_1GwflvMIvtpVDSz,652,-4.1,csupasz,innovation,0,0
R_3CHocKls9HFwIp0,569,-6.85,csúszós,innovation,0,0
R_231pwiLAC5ZSwkg,588,-5.76,csúszós,innovation,0,0
R_pK6D4qIrzWOHXrj,774,-5.05,csúszós,innovation,0,0
R_8nZbxNURhEAQ0wN,768,-6.03,csúszós,innovation,0,0
R_1KmaYsKDeil9Ulu,630,-3.8,csúszós,innovation,0,0
R_2f73AcR8uA82XLd,773,-6.11,csúszós,innovation,0,0
R_3ELPEMeSqeojjKD,4499,-5.48,csúszós,innovation,0,0
R_29QlGRes7a1ZuSt,1006,-3.54,csúszós,innovation,0,0
R_AgvhV0T99Hi9hAt,4604,-6.84,csúszós,innovation,0,0
R_3QR929IrgiCVniq,519,-3.92,csúszós,innovation,0,0
R_2t6dfZt35dI0dhl,682,-6.98,csúszós,innovation,0,0
R_3Po5gbqeIdAHi9l,668,-3.85,csúszós,innovation,0,0
R_32Mja3MNPo5Np98,536,-7,csúszós,innovation,0,0
R_3qsVbzSPnkEZ9Pu,483,-5.53,csúszós,innovation,0,0
R_qBZVAGbiygl16yR,674,-5.88,csúszós,innovation,0,0
R_3MEgzBiFCJBMAUN,457,-6.45,csúszós,innovation,0,0
R_rkYNuZF0SgK0JGh,732,-6.92,csúszós,innovation,0,0
R_29oCgZSCYIJePHg,792,-6.98,csúszós,innovation,0,0
R_2pY9bqFFpuTAS1a,284,-7,csúszós,innovation,0,0
R_1GwflvMIvtpVDSz,652,-5.76,csúszós,innovation,0,0
R_3CHocKls9HFwIp0,569,2.64,darabos,slavic,1,0
R_231pwiLAC5ZSwkg,588,2.6,darabos,slavic,1,0
R_pK6D4qIrzWOHXrj,774,2.35,darabos,slavic,1,0
R_8nZbxNURhEAQ0wN,768,0,darabos,slavic,1,0
R_1KmaYsKDeil9Ulu,630,4.93,darabos,slavic,1,0
R_2f73AcR8uA82XLd,773,1.7,darabos,slavic,1,0
R_3ELPEMeSqeojjKD,4499,4.72,darabos,slavic,1,0
R_29QlGRes7a1ZuSt,1006,0,darabos,slavic,1,0
R_AgvhV0T99Hi9hAt,4604,2.94,darabos,slavic,1,0
R_3QR929IrgiCVniq,519,4.18,darabos,slavic,1,0
R_2t6dfZt35dI0dhl,682,5.34,darabos,slavic,1,0
R_3Po5gbqeIdAHi9l,668,0,darabos,slavic,1,0
R_32Mja3MNPo5Np98,536,6.25,darabos,slavic,1,0
R_3qsVbzSPnkEZ9Pu,483,3.92,darabos,slavic,1,0
R_qBZVAGbiygl16yR,674,0,darabos,slavic,1,0
R_3MEgzBiFCJBMAUN,457,1.72,darabos,slavic,1,0
R_rkYNuZF0SgK0JGh,732,3.39,darabos,slavic,1,0
R_29oCgZSCYIJePHg,792,5.56,darabos,slavic,1,0
R_2pY9bqFFpuTAS1a,284,5.21,darabos,slavic,1,0
R_1GwflvMIvtpVDSz,652,2.84,darabos,slavic,1,0
R_3CHocKls9HFwIp0,569,0,domború,from other,1,0
R_231pwiLAC5ZSwkg,588,0,domború,from other,1,0
R_pK6D4qIrzWOHXrj,774,2.73,domború,from other,1,0
R_8nZbxNURhEAQ0wN,768,0,domború,from other,1,0
R_1KmaYsKDeil9Ulu,630,4.12,domború,from other,1,0
R_2f73AcR8uA82XLd,773,-2.66,domború,from other,1,0
R_3ELPEMeSqeojjKD,4499,-3.01,domború,from other,1,0
R_29QlGRes7a1ZuSt,1006,0,domború,from other,1,0
R_AgvhV0T99Hi9hAt,4604,-6.98,domború,from other,1,0
R_3QR929IrgiCVniq,519,-2.21,domború,from other,1,0
R_2t6dfZt35dI0dhl,682,-5.03,domború,from other,1,0
R_3Po5gbqeIdAHi9l,668,1.12,domború,from other,1,0
R_32Mja3MNPo5Np98,536,-5.05,domború,from other,1,0
R_3qsVbzSPnkEZ9Pu,483,-6.29,domború,from other,1,0
R_qBZVAGbiygl16yR,674,-3.65,domború,from other,1,0
R_3MEgzBiFCJBMAUN,457,1.91,domború,from other,1,0
R_rkYNuZF0SgK0JGh,732,0.59,domború,from other,1,0
R_29oCgZSCYIJePHg,792,2.56,domború,from other,1,0
R_2pY9bqFFpuTAS1a,284,-4.34,domború,from other,1,0
R_1GwflvMIvtpVDSz,652,1.44,domború,from other,1,0
R_3CHocKls9HFwIp0,569,0,dudoros,from other,1,0
R_231pwiLAC5ZSwkg,588,1.6,dudoros,from other,1,0
R_pK6D4qIrzWOHXrj,774,1.97,dudoros,from other,1,0
R_8nZbxNURhEAQ0wN,768,0.55,dudoros,from other,1,0
R_1KmaYsKDeil9Ulu,630,2.68,dudoros,from other,1,0
R_2f73AcR8uA82XLd,773,2.48,dudoros,from other,1,0
R_3ELPEMeSqeojjKD,4499,2.66,dudoros,from other,1,0
R_29QlGRes7a1ZuSt,1006,0,dudoros,from other,1,0
R_AgvhV0T99Hi9hAt,4604,1.77,dudoros,from other,1,0
R_3QR929IrgiCVniq,519,2.54,dudoros,from other,1,0
R_2t6dfZt35dI0dhl,682,3.19,dudoros,from other,1,0
R_3Po5gbqeIdAHi9l,668,5.28,dudoros,from other,1,0
R_32Mja3MNPo5Np98,536,0,dudoros,from other,1,0
R_3qsVbzSPnkEZ9Pu,483,3.82,dudoros,from other,1,0
R_qBZVAGbiygl16yR,674,-0.73,dudoros,from other,1,0
R_3MEgzBiFCJBMAUN,457,5.72,dudoros,from other,1,0
R_rkYNuZF0SgK0JGh,732,0.93,dudoros,from other,1,0
R_29oCgZSCYIJePHg,792,3.51,dudoros,from other,1,0
R_2pY9bqFFpuTAS1a,284,6.59,dudoros,from other,1,0
R_1GwflvMIvtpVDSz,652,4.71,dudoros,from other,1,0
R_3CHocKls9HFwIp0,569,4.49,durva,unknown,1,0
R_231pwiLAC5ZSwkg,588,3.69,durva,unknown,1,0
R_pK6D4qIrzWOHXrj,774,4.01,durva,unknown,1,0
R_8nZbxNURhEAQ0wN,768,6.94,durva,unknown,1,0
R_1KmaYsKDeil9Ulu,630,6.19,durva,unknown,1,0
R_2f73AcR8uA82XLd,773,1.1,durva,unknown,1,0
R_3ELPEMeSqeojjKD,4499,7,durva,unknown,1,0
R_29QlGRes7a1ZuSt,1006,7,durva,unknown,1,0
R_AgvhV0T99Hi9hAt,4604,7,durva,unknown,1,0
R_3QR929IrgiCVniq,519,7,durva,unknown,1,0
R_2t6dfZt35dI0dhl,682,3.06,durva,unknown,1,0
R_3Po5gbqeIdAHi9l,668,4.12,durva,unknown,1,0
R_32Mja3MNPo5Np98,536,5.23,durva,unknown,1,0
R_3qsVbzSPnkEZ9Pu,483,4.91,durva,unknown,1,0
R_qBZVAGbiygl16yR,674,4.23,durva,unknown,1,0
R_3MEgzBiFCJBMAUN,457,7,durva,unknown,1,0
R_rkYNuZF0SgK0JGh,732,6.68,durva,unknown,1,0
R_29oCgZSCYIJePHg,792,4.91,durva,unknown,1,0
R_2pY9bqFFpuTAS1a,284,7,durva,unknown,1,0
R_1GwflvMIvtpVDSz,652,5.05,durva,unknown,1,0
R_3CHocKls9HFwIp0,569,0.31,egyenetlen,from other,0,1
R_231pwiLAC5ZSwkg,588,2.17,egyenetlen,from other,0,1
R_pK6D4qIrzWOHXrj,774,2.23,egyenetlen,from other,0,1
R_8nZbxNURhEAQ0wN,768,0,egyenetlen,from other,0,1
R_1KmaYsKDeil9Ulu,630,3.18,egyenetlen,from other,0,1
R_2f73AcR8uA82XLd,773,1.08,egyenetlen,from other,0,1
R_3ELPEMeSqeojjKD,4499,3.97,egyenetlen,from other,0,1
R_29QlGRes7a1ZuSt,1006,1.67,egyenetlen,from other,0,1
R_AgvhV0T99Hi9hAt,4604,1.03,egyenetlen,from other,0,1
R_3QR929IrgiCVniq,519,2.54,egyenetlen,from other,0,1
R_2t6dfZt35dI0dhl,682,2.11,egyenetlen,from other,0,1
R_3Po5gbqeIdAHi9l,668,0.93,egyenetlen,from other,0,1
R_32Mja3MNPo5Np98,536,1.01,egyenetlen,from other,0,1
R_3qsVbzSPnkEZ9Pu,483,1.64,egyenetlen,from other,0,1
R_qBZVAGbiygl16yR,674,1.17,egyenetlen,from other,0,1
R_3MEgzBiFCJBMAUN,457,1.95,egyenetlen,from other,0,1
R_rkYNuZF0SgK0JGh,732,4.1,egyenetlen,from other,0,1
R_29oCgZSCYIJePHg,792,0.95,egyenetlen,from other,0,1
R_2pY9bqFFpuTAS1a,284,3.61,egyenetlen,from other,0,1
R_1GwflvMIvtpVDSz,652,1.74,egyenetlen,from other,0,1
R_3CHocKls9HFwIp0,569,0,egyenletes,from  other,0,1
R_231pwiLAC5ZSwkg,588,0,egyenletes,from  other,0,1
R_pK6D4qIrzWOHXrj,774,-2.8,egyenletes,from  other,0,1
R_8nZbxNURhEAQ0wN,768,0.04,egyenletes,from  other,0,1
R_1KmaYsKDeil9Ulu,630,-4.83,egyenletes,from  other,0,1
R_2f73AcR8uA82XLd,773,-5.07,egyenletes,from  other,0,1
R_3ELPEMeSqeojjKD,4499,-7,egyenletes,from  other,0,1
R_29QlGRes7a1ZuSt,1006,0,egyenletes,from  other,0,1
R_AgvhV0T99Hi9hAt,4604,-2.37,egyenletes,from  other,0,1
R_3QR929IrgiCVniq,519,-7,egyenletes,from  other,0,1
R_2t6dfZt35dI0dhl,682,-6.98,egyenletes,from  other,0,1
R_3Po5gbqeIdAHi9l,668,-4.91,egyenletes,from  other,0,1
R_32Mja3MNPo5Np98,536,-5.09,egyenletes,from  other,0,1
R_3qsVbzSPnkEZ9Pu,483,-3.16,egyenletes,from  other,0,1
R_qBZVAGbiygl16yR,674,-4.93,egyenletes,from  other,0,1
R_3MEgzBiFCJBMAUN,457,-1.32,egyenletes,from  other,0,1
R_rkYNuZF0SgK0JGh,732,-0.83,egyenletes,from  other,0,1
R_29oCgZSCYIJePHg,792,-6.98,egyenletes,from  other,0,1
R_2pY9bqFFpuTAS1a,284,-7,egyenletes,from  other,0,1
R_1GwflvMIvtpVDSz,652,-0.99,egyenletes,from  other,0,1
R_3CHocKls9HFwIp0,569,-1.59,finom,romance,0,0
R_231pwiLAC5ZSwkg,588,0,finom,romance,0,0
R_pK6D4qIrzWOHXrj,774,0,finom,romance,0,0
R_8nZbxNURhEAQ0wN,768,-6.98,finom,romance,0,0
R_1KmaYsKDeil9Ulu,630,-2.94,finom,romance,0,0
R_2f73AcR8uA82XLd,773,-0.83,finom,romance,0,0
R_3ELPEMeSqeojjKD,4499,-3.92,finom,romance,0,0
R_29QlGRes7a1ZuSt,1006,-5.52,finom,romance,0,0
R_AgvhV0T99Hi9hAt,4604,0,finom,romance,0,0
R_3QR929IrgiCVniq,519,-5.23,finom,romance,0,0
R_2t6dfZt35dI0dhl,682,-4.22,finom,romance,0,0
R_3Po5gbqeIdAHi9l,668,-2.9,finom,romance,0,0
R_32Mja3MNPo5Np98,536,-5.25,finom,romance,0,0
R_3qsVbzSPnkEZ9Pu,483,-3.25,finom,romance,0,0
R_qBZVAGbiygl16yR,674,0,finom,romance,0,0
R_3MEgzBiFCJBMAUN,457,-5.28,finom,romance,0,0
R_rkYNuZF0SgK0JGh,732,-5.01,finom,romance,0,0
R_29oCgZSCYIJePHg,792,-4.71,finom,romance,0,0
R_2pY9bqFFpuTAS1a,284,-7,finom,romance,0,0
R_1GwflvMIvtpVDSz,652,-5.88,finom,romance,0,0
R_3CHocKls9HFwIp0,569,0.45,fodros,innovation,1,0
R_231pwiLAC5ZSwkg,588,0.41,fodros,innovation,1,0
R_pK6D4qIrzWOHXrj,774,0,fodros,innovation,1,0
R_8nZbxNURhEAQ0wN,768,-1.24,fodros,innovation,1,0
R_1KmaYsKDeil9Ulu,630,2.96,fodros,innovation,1,0
R_2f73AcR8uA82XLd,773,0,fodros,innovation,1,0
R_3ELPEMeSqeojjKD,4499,3.68,fodros,innovation,1,0
R_29QlGRes7a1ZuSt,1006,0,fodros,innovation,1,0
R_AgvhV0T99Hi9hAt,4604,1.24,fodros,innovation,1,0
R_3QR929IrgiCVniq,519,1.46,fodros,innovation,1,0
R_2t6dfZt35dI0dhl,682,3.17,fodros,innovation,1,0
R_3Po5gbqeIdAHi9l,668,0,fodros,innovation,1,0
R_32Mja3MNPo5Np98,536,0,fodros,innovation,1,0
R_3qsVbzSPnkEZ9Pu,483,2.11,fodros,innovation,1,0
R_qBZVAGbiygl16yR,674,1.19,fodros,innovation,1,0
R_3MEgzBiFCJBMAUN,457,-1.36,fodros,innovation,1,0
R_rkYNuZF0SgK0JGh,732,-0.45,fodros,innovation,1,0
R_29oCgZSCYIJePHg,792,-0.67,fodros,innovation,1,0
R_2pY9bqFFpuTAS1a,284,7,fodros,innovation,1,0
R_1GwflvMIvtpVDSz,652,1.2,fodros,innovation,1,0
R_3CHocKls9HFwIp0,569,4.53,fogazott,from other,0,0
R_231pwiLAC5ZSwkg,588,5.17,fogazott,from other,0,0
R_pK6D4qIrzWOHXrj,774,3.06,fogazott,from other,0,0
R_8nZbxNURhEAQ0wN,768,3.41,fogazott,from other,0,0
R_1KmaYsKDeil9Ulu,630,3.37,fogazott,from other,0,0
R_2f73AcR8uA82XLd,773,0,fogazott,from other,0,0
R_3ELPEMeSqeojjKD,4499,5.53,fogazott,from other,0,0
R_29QlGRes7a1ZuSt,1006,2.61,fogazott,from other,0,0
R_AgvhV0T99Hi9hAt,4604,5.34,fogazott,from other,0,0
R_3QR929IrgiCVniq,519,5.32,fogazott,from other,0,0
R_2t6dfZt35dI0dhl,682,6.03,fogazott,from other,0,0
R_3Po5gbqeIdAHi9l,668,3.75,fogazott,from other,0,0
R_32Mja3MNPo5Np98,536,6.17,fogazott,from other,0,0
R_3qsVbzSPnkEZ9Pu,483,6.91,fogazott,from other,0,0
R_qBZVAGbiygl16yR,674,4.25,fogazott,from other,0,0
R_3MEgzBiFCJBMAUN,457,6.01,fogazott,from other,0,0
R_rkYNuZF0SgK0JGh,732,4.34,fogazott,from other,0,0
R_29oCgZSCYIJePHg,792,6.31,fogazott,from other,0,0
R_2pY9bqFFpuTAS1a,284,6.25,fogazott,from other,0,0
R_1GwflvMIvtpVDSz,652,3.67,fogazott,from other,0,0
R_3CHocKls9HFwIp0,569,-3.93,folyamatos,from other,0,0
R_231pwiLAC5ZSwkg,588,0,folyamatos,from other,0,0
R_pK6D4qIrzWOHXrj,774,0,folyamatos,from other,0,0
R_8nZbxNURhEAQ0wN,768,0,folyamatos,from other,0,0
R_1KmaYsKDeil9Ulu,630,-5.52,folyamatos,from other,0,0
R_2f73AcR8uA82XLd,773,-3.19,folyamatos,from other,0,0
R_3ELPEMeSqeojjKD,4499,-5.74,folyamatos,from other,0,0
R_29QlGRes7a1ZuSt,1006,0,folyamatos,from other,0,0
R_AgvhV0T99Hi9hAt,4604,0,folyamatos,from other,0,0
R_3QR929IrgiCVniq,519,-4.69,folyamatos,from other,0,0
R_2t6dfZt35dI0dhl,682,-6.05,folyamatos,from other,0,0
R_3Po5gbqeIdAHi9l,668,-1.62,folyamatos,from other,0,0
R_32Mja3MNPo5Np98,536,0,folyamatos,from other,0,0
R_3qsVbzSPnkEZ9Pu,483,-4.29,folyamatos,from other,0,0
R_qBZVAGbiygl16yR,674,-2.96,folyamatos,from other,0,0
R_3MEgzBiFCJBMAUN,457,-1.1,folyamatos,from other,0,0
R_rkYNuZF0SgK0JGh,732,-4.59,folyamatos,from other,0,0
R_29oCgZSCYIJePHg,792,-4.61,folyamatos,from other,0,0
R_2pY9bqFFpuTAS1a,284,-7,folyamatos,from other,0,0
R_1GwflvMIvtpVDSz,652,-4.24,folyamatos,from other,0,0
R_3CHocKls9HFwIp0,569,0,fémes,innovation,0,0
R_231pwiLAC5ZSwkg,588,-0.99,fémes,innovation,0,0
R_pK6D4qIrzWOHXrj,774,0,fémes,innovation,0,0
R_8nZbxNURhEAQ0wN,768,0,fémes,innovation,0,0
R_1KmaYsKDeil9Ulu,630,-2.37,fémes,innovation,0,0
R_2f73AcR8uA82XLd,773,-4.1,fémes,innovation,0,0
R_3ELPEMeSqeojjKD,4499,-5.1,fémes,innovation,0,0
R_29QlGRes7a1ZuSt,1006,-5.68,fémes,innovation,0,0
R_AgvhV0T99Hi9hAt,4604,0,fémes,innovation,0,0
R_3QR929IrgiCVniq,519,1.3,fémes,innovation,0,0
R_2t6dfZt35dI0dhl,682,0,fémes,innovation,0,0
R_3Po5gbqeIdAHi9l,668,0,fémes,innovation,0,0
R_32Mja3MNPo5Np98,536,-7,fémes,innovation,0,0
R_3qsVbzSPnkEZ9Pu,483,-5.24,fémes,innovation,0,0
R_qBZVAGbiygl16yR,674,-4.16,fémes,innovation,0,0
R_3MEgzBiFCJBMAUN,457,2.96,fémes,innovation,0,0
R_rkYNuZF0SgK0JGh,732,-6.51,fémes,innovation,0,0
R_29oCgZSCYIJePHg,792,-4.18,fémes,innovation,0,0
R_2pY9bqFFpuTAS1a,284,0.04,fémes,innovation,0,0
R_1GwflvMIvtpVDSz,652,-5.5,fémes,innovation,0,0
R_3CHocKls9HFwIp0,569,3.35,gubancos,from other,0,0
R_231pwiLAC5ZSwkg,588,0.63,gubancos,from other,0,0
R_pK6D4qIrzWOHXrj,774,2.18,gubancos,from other,0,0
R_8nZbxNURhEAQ0wN,768,-1.77,gubancos,from other,0,0
R_1KmaYsKDeil9Ulu,630,3.65,gubancos,from other,0,0
R_2f73AcR8uA82XLd,773,3.31,gubancos,from other,0,0
R_3ELPEMeSqeojjKD,4499,7,gubancos,from other,0,0
R_29QlGRes7a1ZuSt,1006,2.33,gubancos,from other,0,0
R_AgvhV0T99Hi9hAt,4604,2.9,gubancos,from other,0,0
R_3QR929IrgiCVniq,519,1.64,gubancos,from other,0,0
R_2t6dfZt35dI0dhl,682,3.21,gubancos,from other,0,0
R_3Po5gbqeIdAHi9l,668,2.19,gubancos,from other,0,0
R_32Mja3MNPo5Np98,536,3.06,gubancos,from other,0,0
R_3qsVbzSPnkEZ9Pu,483,4.01,gubancos,from other,0,0
R_qBZVAGbiygl16yR,674,1.17,gubancos,from other,0,0
R_3MEgzBiFCJBMAUN,457,-1.36,gubancos,from other,0,0
R_rkYNuZF0SgK0JGh,732,2.58,gubancos,from other,0,0
R_29oCgZSCYIJePHg,792,2.29,gubancos,from other,0,0
R_2pY9bqFFpuTAS1a,284,4.77,gubancos,from other,0,0
R_1GwflvMIvtpVDSz,652,1.72,gubancos,from other,0,0
R_3CHocKls9HFwIp0,569,2.44,gyapjas,turkic,0,0
R_231pwiLAC5ZSwkg,588,1.08,gyapjas,turkic,0,0
R_pK6D4qIrzWOHXrj,774,-3.54,gyapjas,turkic,0,0
R_8nZbxNURhEAQ0wN,768,-2.41,gyapjas,turkic,0,0
R_1KmaYsKDeil9Ulu,630,3.1,gyapjas,turkic,0,0
R_2f73AcR8uA82XLd,773,0,gyapjas,turkic,0,0
R_3ELPEMeSqeojjKD,4499,-3.2,gyapjas,turkic,0,0
R_29QlGRes7a1ZuSt,1006,-5.96,gyapjas,turkic,0,0
R_AgvhV0T99Hi9hAt,4604,1.03,gyapjas,turkic,0,0
R_3QR929IrgiCVniq,519,-2.11,gyapjas,turkic,0,0
R_2t6dfZt35dI0dhl,682,-0.85,gyapjas,turkic,0,0
R_3Po5gbqeIdAHi9l,668,0,gyapjas,turkic,0,0
R_32Mja3MNPo5Np98,536,0,gyapjas,turkic,0,0
R_3qsVbzSPnkEZ9Pu,483,3.49,gyapjas,turkic,0,0
R_qBZVAGbiygl16yR,674,-4.95,gyapjas,turkic,0,0
R_3MEgzBiFCJBMAUN,457,2.01,gyapjas,turkic,0,0
R_rkYNuZF0SgK0JGh,732,1.46,gyapjas,turkic,0,0
R_29oCgZSCYIJePHg,792,-1.52,gyapjas,turkic,0,0
R_2pY9bqFFpuTAS1a,284,4.32,gyapjas,turkic,0,0
R_1GwflvMIvtpVDSz,652,1.12,gyapjas,turkic,0,0
R_3CHocKls9HFwIp0,569,0,gyöngyös,turkic,0,0
R_231pwiLAC5ZSwkg,588,2.74,gyöngyös,turkic,0,0
R_pK6D4qIrzWOHXrj,774,-2.53,gyöngyös,turkic,0,0
R_8nZbxNURhEAQ0wN,768,-3.67,gyöngyös,turkic,0,0
R_1KmaYsKDeil9Ulu,630,4.34,gyöngyös,turkic,0,0
R_2f73AcR8uA82XLd,773,-0.53,gyöngyös,turkic,0,0
R_3ELPEMeSqeojjKD,4499,2.35,gyöngyös,turkic,0,0
R_29QlGRes7a1ZuSt,1006,0,gyöngyös,turkic,0,0
R_AgvhV0T99Hi9hAt,4604,1.12,gyöngyös,turkic,0,0
R_3QR929IrgiCVniq,519,-4.1,gyöngyös,turkic,0,0
R_2t6dfZt35dI0dhl,682,2.11,gyöngyös,turkic,0,0
R_3Po5gbqeIdAHi9l,668,0,gyöngyös,turkic,0,0
R_32Mja3MNPo5Np98,536,-2.19,gyöngyös,turkic,0,0
R_3qsVbzSPnkEZ9Pu,483,1.45,gyöngyös,turkic,0,0
R_qBZVAGbiygl16yR,674,-1.81,gyöngyös,turkic,0,0
R_3MEgzBiFCJBMAUN,457,-4.34,gyöngyös,turkic,0,0
R_rkYNuZF0SgK0JGh,732,0.55,gyöngyös,turkic,0,0
R_29oCgZSCYIJePHg,792,5.38,gyöngyös,turkic,0,0
R_2pY9bqFFpuTAS1a,284,-7,gyöngyös,turkic,0,0
R_1GwflvMIvtpVDSz,652,5.99,gyöngyös,turkic,0,0
R_3CHocKls9HFwIp0,569,1.4,gyűrött,unknown,1,0
R_231pwiLAC5ZSwkg,588,1.66,gyűrött,unknown,1,0
R_pK6D4qIrzWOHXrj,774,2.14,gyűrött,unknown,1,0
R_8nZbxNURhEAQ0wN,768,-3.49,gyűrött,unknown,1,0
R_1KmaYsKDeil9Ulu,630,3.7,gyűrött,unknown,1,0
R_2f73AcR8uA82XLd,773,-1.1,gyűrött,unknown,1,0
R_3ELPEMeSqeojjKD,4499,2.68,gyűrött,unknown,1,0
R_29QlGRes7a1ZuSt,1006,0.69,gyűrött,unknown,1,0
R_AgvhV0T99Hi9hAt,4604,0.73,gyűrött,unknown,1,0
R_3QR929IrgiCVniq,519,2.43,gyűrött,unknown,1,0
R_2t6dfZt35dI0dhl,682,2.11,gyűrött,unknown,1,0
R_3Po5gbqeIdAHi9l,668,1.46,gyűrött,unknown,1,0
R_32Mja3MNPo5Np98,536,-4,gyűrött,unknown,1,0
R_3qsVbzSPnkEZ9Pu,483,1.78,gyűrött,unknown,1,0
R_qBZVAGbiygl16yR,674,3.16,gyűrött,unknown,1,0
R_3MEgzBiFCJBMAUN,457,-1.2,gyűrött,unknown,1,0
R_rkYNuZF0SgK0JGh,732,2.07,gyűrött,unknown,1,0
R_29oCgZSCYIJePHg,792,2.09,gyűrött,unknown,1,0
R_2pY9bqFFpuTAS1a,284,7,gyűrött,unknown,1,0
R_1GwflvMIvtpVDSz,652,4.34,gyűrött,unknown,1,0
R_3CHocKls9HFwIp0,569,3.39,göröngyös,from other,1,0
R_231pwiLAC5ZSwkg,588,3.51,göröngyös,from other,1,0
R_pK6D4qIrzWOHXrj,774,3.84,göröngyös,from other,1,0
R_8nZbxNURhEAQ0wN,768,3.69,göröngyös,from other,1,0
R_1KmaYsKDeil9Ulu,630,4.62,göröngyös,from other,1,0
R_2f73AcR8uA82XLd,773,3.19,göröngyös,from other,1,0
R_3ELPEMeSqeojjKD,4499,4.79,göröngyös,from other,1,0
R_29QlGRes7a1ZuSt,1006,6.89,göröngyös,from other,1,0
R_AgvhV0T99Hi9hAt,4604,1.83,göröngyös,from other,1,0
R_3QR929IrgiCVniq,519,1.85,göröngyös,from other,1,0
R_2t6dfZt35dI0dhl,682,4.22,göröngyös,from other,1,0
R_3Po5gbqeIdAHi9l,668,6.21,göröngyös,from other,1,0
R_32Mja3MNPo5Np98,536,4.06,göröngyös,from other,1,0
R_3qsVbzSPnkEZ9Pu,483,7,göröngyös,from other,1,0
R_qBZVAGbiygl16yR,674,2.16,göröngyös,from other,1,0
R_3MEgzBiFCJBMAUN,457,3.79,göröngyös,from other,1,0
R_rkYNuZF0SgK0JGh,732,3.67,göröngyös,from other,1,0
R_29oCgZSCYIJePHg,792,6.86,göröngyös,from other,1,0
R_2pY9bqFFpuTAS1a,284,6.01,göröngyös,from other,1,0
R_1GwflvMIvtpVDSz,652,4.36,göröngyös,from other,1,0
R_3CHocKls9HFwIp0,569,3.49,homokos,turkic,0,0
R_231pwiLAC5ZSwkg,588,2.8,homokos,turkic,0,0
R_pK6D4qIrzWOHXrj,774,2.47,homokos,turkic,0,0
R_8nZbxNURhEAQ0wN,768,2.86,homokos,turkic,0,0
R_1KmaYsKDeil9Ulu,630,2.22,homokos,turkic,0,0
R_2f73AcR8uA82XLd,773,0,homokos,turkic,0,0
R_3ELPEMeSqeojjKD,4499,1.92,homokos,turkic,0,0
R_29QlGRes7a1ZuSt,1006,3.93,homokos,turkic,0,0
R_AgvhV0T99Hi9hAt,4604,4.1,homokos,turkic,0,0
R_3QR929IrgiCVniq,519,4.18,homokos,turkic,0,0
R_2t6dfZt35dI0dhl,682,1.79,homokos,turkic,0,0
R_3Po5gbqeIdAHi9l,668,-1.87,homokos,turkic,0,0
R_32Mja3MNPo5Np98,536,0,homokos,turkic,0,0
R_3qsVbzSPnkEZ9Pu,483,-1.78,homokos,turkic,0,0
R_qBZVAGbiygl16yR,674,2.18,homokos,turkic,0,0
R_3MEgzBiFCJBMAUN,457,2.33,homokos,turkic,0,0
R_rkYNuZF0SgK0JGh,732,1.83,homokos,turkic,0,0
R_29oCgZSCYIJePHg,792,7,homokos,turkic,0,0
R_2pY9bqFFpuTAS1a,284,-7,homokos,turkic,0,0
R_1GwflvMIvtpVDSz,652,1.87,homokos,turkic,0,0
R_3CHocKls9HFwIp0,569,0,homorú,from other,1,0
R_231pwiLAC5ZSwkg,588,0,homorú,from other,1,0
R_pK6D4qIrzWOHXrj,774,0.02,homorú,from other,1,0
R_8nZbxNURhEAQ0wN,768,0,homorú,from other,1,0
R_1KmaYsKDeil9Ulu,630,2.39,homorú,from other,1,0
R_2f73AcR8uA82XLd,773,-2.15,homorú,from other,1,0
R_3ELPEMeSqeojjKD,4499,0,homorú,from other,1,0
R_29QlGRes7a1ZuSt,1006,0,homorú,from other,1,0
R_AgvhV0T99Hi9hAt,4604,-6.98,homorú,from other,1,0
R_3QR929IrgiCVniq,519,-0.97,homorú,from other,1,0
R_2t6dfZt35dI0dhl,682,-5.07,homorú,from other,1,0
R_3Po5gbqeIdAHi9l,668,-0.63,homorú,from other,1,0
R_32Mja3MNPo5Np98,536,-5.13,homorú,from other,1,0
R_3qsVbzSPnkEZ9Pu,483,-4.77,homorú,from other,1,0
R_qBZVAGbiygl16yR,674,-2.88,homorú,from other,1,0
R_3MEgzBiFCJBMAUN,457,-2.43,homorú,from other,1,0
R_rkYNuZF0SgK0JGh,732,-0.16,homorú,from other,1,0
R_29oCgZSCYIJePHg,792,-4.02,homorú,from other,1,0
R_2pY9bqFFpuTAS1a,284,-2.29,homorú,from other,1,0
R_1GwflvMIvtpVDSz,652,2.33,homorú,from other,1,0
R_3CHocKls9HFwIp0,569,0,horpadt,from other,1,0
R_231pwiLAC5ZSwkg,588,0,horpadt,from other,1,0
R_pK6D4qIrzWOHXrj,774,2.04,horpadt,from other,1,0
R_8nZbxNURhEAQ0wN,768,0,horpadt,from other,1,0
R_1KmaYsKDeil9Ulu,630,3.39,horpadt,from other,1,0
R_2f73AcR8uA82XLd,773,0,horpadt,from other,1,0
R_3ELPEMeSqeojjKD,4499,5.05,horpadt,from other,1,0
R_29QlGRes7a1ZuSt,1006,0,horpadt,from other,1,0
R_AgvhV0T99Hi9hAt,4604,3.14,horpadt,from other,1,0
R_3QR929IrgiCVniq,519,2.82,horpadt,from other,1,0
R_2t6dfZt35dI0dhl,682,4.42,horpadt,from other,1,0
R_3Po5gbqeIdAHi9l,668,-1.95,horpadt,from other,1,0
R_32Mja3MNPo5Np98,536,0,horpadt,from other,1,0
R_3qsVbzSPnkEZ9Pu,483,2.63,horpadt,from other,1,0
R_qBZVAGbiygl16yR,674,-1,horpadt,from other,1,0
R_3MEgzBiFCJBMAUN,457,1.06,horpadt,from other,1,0
R_rkYNuZF0SgK0JGh,732,-1.01,horpadt,from other,1,0
R_29oCgZSCYIJePHg,792,-0.47,horpadt,from other,1,0
R_2pY9bqFFpuTAS1a,284,3.47,horpadt,from other,1,0
R_1GwflvMIvtpVDSz,652,1.56,horpadt,from other,1,0
R_3CHocKls9HFwIp0,569,-0.88,hullámos,innovation,0,1
R_231pwiLAC5ZSwkg,588,2.25,hullámos,innovation,0,1
R_pK6D4qIrzWOHXrj,774,-1.83,hullámos,innovation,0,1
R_8nZbxNURhEAQ0wN,768,-1.54,hullámos,innovation,0,1
R_1KmaYsKDeil9Ulu,630,4.41,hullámos,innovation,0,1
R_2f73AcR8uA82XLd,773,-2.86,hullámos,innovation,0,1
R_3ELPEMeSqeojjKD,4499,4.39,hullámos,innovation,0,1
R_29QlGRes7a1ZuSt,1006,0,hullámos,innovation,0,1
R_AgvhV0T99Hi9hAt,4604,0,hullámos,innovation,0,1
R_3QR929IrgiCVniq,519,0,hullámos,innovation,0,1
R_2t6dfZt35dI0dhl,682,2.46,hullámos,innovation,0,1
R_3Po5gbqeIdAHi9l,668,1.22,hullámos,innovation,0,1
R_32Mja3MNPo5Np98,536,0,hullámos,innovation,0,1
R_3qsVbzSPnkEZ9Pu,483,-4.58,hullámos,innovation,0,1
R_qBZVAGbiygl16yR,674,-2.29,hullámos,innovation,0,1
R_3MEgzBiFCJBMAUN,457,3.29,hullámos,innovation,0,1
R_rkYNuZF0SgK0JGh,732,0.91,hullámos,innovation,0,1
R_29oCgZSCYIJePHg,792,1.48,hullámos,innovation,0,1
R_2pY9bqFFpuTAS1a,284,-5.32,hullámos,innovation,0,1
R_1GwflvMIvtpVDSz,652,2.9,hullámos,innovation,0,1
R_3CHocKls9HFwIp0,569,0,jeges,finnougric,0,0
R_231pwiLAC5ZSwkg,588,-4.02,jeges,finnougric,0,0
R_pK6D4qIrzWOHXrj,774,0,jeges,finnougric,0,0
R_8nZbxNURhEAQ0wN,768,0,jeges,finnougric,0,0
R_1KmaYsKDeil9Ulu,630,-2.7,jeges,finnougric,0,0
R_2f73AcR8uA82XLd,773,1.32,jeges,finnougric,0,0
R_3ELPEMeSqeojjKD,4499,5.05,jeges,finnougric,0,0
R_29QlGRes7a1ZuSt,1006,2.77,jeges,finnougric,0,0
R_AgvhV0T99Hi9hAt,4604,-5.99,jeges,finnougric,0,0
R_3QR929IrgiCVniq,519,-0.47,jeges,finnougric,0,0
R_2t6dfZt35dI0dhl,682,-6.98,jeges,finnougric,0,0
R_3Po5gbqeIdAHi9l,668,-2.76,jeges,finnougric,0,0
R_32Mja3MNPo5Np98,536,-7,jeges,finnougric,0,0
R_3qsVbzSPnkEZ9Pu,483,-5.62,jeges,finnougric,0,0
R_qBZVAGbiygl16yR,674,-1.87,jeges,finnougric,0,0
R_3MEgzBiFCJBMAUN,457,4.06,jeges,finnougric,0,0
R_rkYNuZF0SgK0JGh,732,-2.66,jeges,finnougric,0,0
R_29oCgZSCYIJePHg,792,0,jeges,finnougric,0,0
R_2pY9bqFFpuTAS1a,284,-6.03,jeges,finnougric,0,0
R_1GwflvMIvtpVDSz,652,-6.15,jeges,finnougric,0,0
R_3CHocKls9HFwIp0,569,1.46,karcos,germanic,1,0
R_231pwiLAC5ZSwkg,588,0,karcos,germanic,1,0
R_pK6D4qIrzWOHXrj,774,4.06,karcos,germanic,1,0
R_8nZbxNURhEAQ0wN,768,2.41,karcos,germanic,1,0
R_1KmaYsKDeil9Ulu,630,3.65,karcos,germanic,1,0
R_2f73AcR8uA82XLd,773,-2.5,karcos,germanic,1,0
R_3ELPEMeSqeojjKD,4499,5.05,karcos,germanic,1,0
R_29QlGRes7a1ZuSt,1006,6.23,karcos,germanic,1,0
R_AgvhV0T99Hi9hAt,4604,2.84,karcos,germanic,1,0
R_3QR929IrgiCVniq,519,1.68,karcos,germanic,1,0
R_2t6dfZt35dI0dhl,682,2.07,karcos,germanic,1,0
R_3Po5gbqeIdAHi9l,668,-0.73,karcos,germanic,1,0
R_32Mja3MNPo5Np98,536,3.1,karcos,germanic,1,0
R_3qsVbzSPnkEZ9Pu,483,2.87,karcos,germanic,1,0
R_qBZVAGbiygl16yR,674,0.97,karcos,germanic,1,0
R_3MEgzBiFCJBMAUN,457,5.13,karcos,germanic,1,0
R_rkYNuZF0SgK0JGh,732,6.72,karcos,germanic,1,0
R_29oCgZSCYIJePHg,792,1.24,karcos,germanic,1,0
R_2pY9bqFFpuTAS1a,284,7,karcos,germanic,1,0
R_1GwflvMIvtpVDSz,652,5.66,karcos,germanic,1,0
R_3CHocKls9HFwIp0,569,1.84,kavicsos,innovation,0,0
R_231pwiLAC5ZSwkg,588,4.75,kavicsos,innovation,0,0
R_pK6D4qIrzWOHXrj,774,3.18,kavicsos,innovation,0,0
R_8nZbxNURhEAQ0wN,768,5.84,kavicsos,innovation,0,0
R_1KmaYsKDeil9Ulu,630,5.86,kavicsos,innovation,0,0
R_2f73AcR8uA82XLd,773,0,kavicsos,innovation,0,0
R_3ELPEMeSqeojjKD,4499,4.32,kavicsos,innovation,0,0
R_29QlGRes7a1ZuSt,1006,0,kavicsos,innovation,0,0
R_AgvhV0T99Hi9hAt,4604,7,kavicsos,innovation,0,0
R_3QR929IrgiCVniq,519,4.02,kavicsos,innovation,0,0
R_2t6dfZt35dI0dhl,682,5.26,kavicsos,innovation,0,0
R_3Po5gbqeIdAHi9l,668,2.05,kavicsos,innovation,0,0
R_32Mja3MNPo5Np98,536,4.14,kavicsos,innovation,0,0
R_3qsVbzSPnkEZ9Pu,483,3.11,kavicsos,innovation,0,0
R_qBZVAGbiygl16yR,674,3.38,kavicsos,innovation,0,0
R_3MEgzBiFCJBMAUN,457,5.23,kavicsos,innovation,0,0
R_rkYNuZF0SgK0JGh,732,3.96,kavicsos,innovation,0,0
R_29oCgZSCYIJePHg,792,7,kavicsos,innovation,0,0
R_2pY9bqFFpuTAS1a,284,6.41,kavicsos,innovation,0,0
R_1GwflvMIvtpVDSz,652,4.24,kavicsos,innovation,0,0
R_3CHocKls9HFwIp0,569,0,kemény,finnougric,0,0
R_231pwiLAC5ZSwkg,588,0,kemény,finnougric,0,0
R_pK6D4qIrzWOHXrj,774,0,kemény,finnougric,0,0
R_8nZbxNURhEAQ0wN,768,0,kemény,finnougric,0,0
R_1KmaYsKDeil9Ulu,630,0,kemény,finnougric,0,0
R_2f73AcR8uA82XLd,773,-0.41,kemény,finnougric,0,0
R_3ELPEMeSqeojjKD,4499,7,kemény,finnougric,0,0
R_29QlGRes7a1ZuSt,1006,0,kemény,finnougric,0,0
R_AgvhV0T99Hi9hAt,4604,1.4,kemény,finnougric,0,0
R_3QR929IrgiCVniq,519,2.94,kemény,finnougric,0,0
R_2t6dfZt35dI0dhl,682,0,kemény,finnougric,0,0
R_3Po5gbqeIdAHi9l,668,0,kemény,finnougric,0,0
R_32Mja3MNPo5Np98,536,0,kemény,finnougric,0,0
R_3qsVbzSPnkEZ9Pu,483,0,kemény,finnougric,0,0
R_qBZVAGbiygl16yR,674,0,kemény,finnougric,0,0
R_3MEgzBiFCJBMAUN,457,-1.95,kemény,finnougric,0,0
R_rkYNuZF0SgK0JGh,732,-3.67,kemény,finnougric,0,0
R_29oCgZSCYIJePHg,792,0,kemény,finnougric,0,0
R_2pY9bqFFpuTAS1a,284,-5.9,kemény,finnougric,0,0
R_1GwflvMIvtpVDSz,652,0,kemény,finnougric,0,0
R_3CHocKls9HFwIp0,569,-1.58,kerámia,greek,1,0
R_231pwiLAC5ZSwkg,588,-1.93,kerámia,greek,1,0
R_pK6D4qIrzWOHXrj,774,0,kerámia,greek,1,0
R_8nZbxNURhEAQ0wN,768,-0.73,kerámia,greek,1,0
R_1KmaYsKDeil9Ulu,630,-2.7,kerámia,greek,1,0
R_2f73AcR8uA82XLd,773,-1.48,kerámia,greek,1,0
R_3ELPEMeSqeojjKD,4499,-1.85,kerámia,greek,1,0
R_29QlGRes7a1ZuSt,1006,1.95,kerámia,greek,1,0
R_AgvhV0T99Hi9hAt,4604,-6.98,kerámia,greek,1,0
R_3QR929IrgiCVniq,519,-1.95,kerámia,greek,1,0
R_2t6dfZt35dI0dhl,682,-5.17,kerámia,greek,1,0
R_3Po5gbqeIdAHi9l,668,-5.15,kerámia,greek,1,0
R_32Mja3MNPo5Np98,536,-3.12,kerámia,greek,1,0
R_3qsVbzSPnkEZ9Pu,483,-3.44,kerámia,greek,1,0
R_qBZVAGbiygl16yR,674,-5.33,kerámia,greek,1,0
R_3MEgzBiFCJBMAUN,457,-3.41,kerámia,greek,1,0
R_rkYNuZF0SgK0JGh,732,-0.75,kerámia,greek,1,0
R_29oCgZSCYIJePHg,792,0.49,kerámia,greek,1,0
R_2pY9bqFFpuTAS1a,284,-7,kerámia,greek,1,0
R_1GwflvMIvtpVDSz,652,1.58,kerámia,greek,1,0
R_3CHocKls9HFwIp0,569,2.54,kirojtosodott,unknown,1,0
R_231pwiLAC5ZSwkg,588,0,kirojtosodott,unknown,1,0
R_pK6D4qIrzWOHXrj,774,1.85,kirojtosodott,unknown,1,0
R_8nZbxNURhEAQ0wN,768,1.83,kirojtosodott,unknown,1,0
R_1KmaYsKDeil9Ulu,630,3.44,kirojtosodott,unknown,1,0
R_2f73AcR8uA82XLd,773,0,kirojtosodott,unknown,1,0
R_3ELPEMeSqeojjKD,4499,3.78,kirojtosodott,unknown,1,0
R_29QlGRes7a1ZuSt,1006,0,kirojtosodott,unknown,1,0
R_AgvhV0T99Hi9hAt,4604,1.26,kirojtosodott,unknown,1,0
R_3QR929IrgiCVniq,519,3.04,kirojtosodott,unknown,1,0
R_2t6dfZt35dI0dhl,682,1.06,kirojtosodott,unknown,1,0
R_3Po5gbqeIdAHi9l,668,0,kirojtosodott,unknown,1,0
R_32Mja3MNPo5Np98,536,0,kirojtosodott,unknown,1,0
R_3qsVbzSPnkEZ9Pu,483,2.3,kirojtosodott,unknown,1,0
R_qBZVAGbiygl16yR,674,2.14,kirojtosodott,unknown,1,0
R_3MEgzBiFCJBMAUN,457,-1.52,kirojtosodott,unknown,1,0
R_rkYNuZF0SgK0JGh,732,0.99,kirojtosodott,unknown,1,0
R_29oCgZSCYIJePHg,792,4.34,kirojtosodott,unknown,1,0
R_2pY9bqFFpuTAS1a,284,5.4,kirojtosodott,unknown,1,0
R_1GwflvMIvtpVDSz,652,3.33,kirojtosodott,unknown,1,0
R_3CHocKls9HFwIp0,569,0,kocsonyás,unknown,0,0
R_231pwiLAC5ZSwkg,588,-2.21,kocsonyás,unknown,0,0
R_pK6D4qIrzWOHXrj,774,-4.79,kocsonyás,unknown,0,0
R_8nZbxNURhEAQ0wN,768,-4.54,kocsonyás,unknown,0,0
R_1KmaYsKDeil9Ulu,630,-3.48,kocsonyás,unknown,0,0
R_2f73AcR8uA82XLd,773,-4.63,kocsonyás,unknown,0,0
R_3ELPEMeSqeojjKD,4499,-7,kocsonyás,unknown,0,0
R_29QlGRes7a1ZuSt,1006,-5.85,kocsonyás,unknown,0,0
R_AgvhV0T99Hi9hAt,4604,-7,kocsonyás,unknown,0,0
R_3QR929IrgiCVniq,519,-1.2,kocsonyás,unknown,0,0
R_2t6dfZt35dI0dhl,682,-0.89,kocsonyás,unknown,0,0
R_3Po5gbqeIdAHi9l,668,-2.29,kocsonyás,unknown,0,0
R_32Mja3MNPo5Np98,536,-6.11,kocsonyás,unknown,0,0
R_3qsVbzSPnkEZ9Pu,483,-3.54,kocsonyás,unknown,0,0
R_qBZVAGbiygl16yR,674,-2.03,kocsonyás,unknown,0,0
R_3MEgzBiFCJBMAUN,457,-4.97,kocsonyás,unknown,0,0
R_rkYNuZF0SgK0JGh,732,-2.17,kocsonyás,unknown,0,0
R_29oCgZSCYIJePHg,792,-3.94,kocsonyás,unknown,0,0
R_2pY9bqFFpuTAS1a,284,-5.01,kocsonyás,unknown,0,0
R_1GwflvMIvtpVDSz,652,-3.19,kocsonyás,unknown,0,0
R_3CHocKls9HFwIp0,569,-2.73,kopasz,from other,0,0
R_231pwiLAC5ZSwkg,588,-1.42,kopasz,from other,0,0
R_pK6D4qIrzWOHXrj,774,-3.71,kopasz,from other,0,0
R_8nZbxNURhEAQ0wN,768,-6.98,kopasz,from other,0,0
R_1KmaYsKDeil9Ulu,630,-5.53,kopasz,from other,0,0
R_2f73AcR8uA82XLd,773,-0.37,kopasz,from other,0,0
R_3ELPEMeSqeojjKD,4499,-6.38,kopasz,from other,0,0
R_29QlGRes7a1ZuSt,1006,-5.68,kopasz,from other,0,0
R_AgvhV0T99Hi9hAt,4604,-3.71,kopasz,from other,0,0
R_3QR929IrgiCVniq,519,-5.34,kopasz,from other,0,0
R_2t6dfZt35dI0dhl,682,-4.08,kopasz,from other,0,0
R_3Po5gbqeIdAHi9l,668,-4.89,kopasz,from other,0,0
R_32Mja3MNPo5Np98,536,-7,kopasz,from other,0,0
R_3qsVbzSPnkEZ9Pu,483,-6.95,kopasz,from other,0,0
R_qBZVAGbiygl16yR,674,-6.12,kopasz,from other,0,0
R_3MEgzBiFCJBMAUN,457,-4.38,kopasz,from other,0,0
R_rkYNuZF0SgK0JGh,732,0.32,kopasz,from other,0,0
R_29oCgZSCYIJePHg,792,-4.06,kopasz,from other,0,0
R_2pY9bqFFpuTAS1a,284,-7,kopasz,from other,0,0
R_1GwflvMIvtpVDSz,652,-1.79,kopasz,from other,0,0
R_3CHocKls9HFwIp0,569,2.74,kráteres,romance,1,0
R_231pwiLAC5ZSwkg,588,0.71,kráteres,romance,1,0
R_pK6D4qIrzWOHXrj,774,3.75,kráteres,romance,1,0
R_8nZbxNURhEAQ0wN,768,4.42,kráteres,romance,1,0
R_1KmaYsKDeil9Ulu,630,3.58,kráteres,romance,1,0
R_2f73AcR8uA82XLd,773,4.38,kráteres,romance,1,0
R_3ELPEMeSqeojjKD,4499,7,kráteres,romance,1,0
R_29QlGRes7a1ZuSt,1006,3.54,kráteres,romance,1,0
R_AgvhV0T99Hi9hAt,4604,7,kráteres,romance,1,0
R_3QR929IrgiCVniq,519,2.84,kráteres,romance,1,0
R_2t6dfZt35dI0dhl,682,3.04,kráteres,romance,1,0
R_3Po5gbqeIdAHi9l,668,6.31,kráteres,romance,1,0
R_32Mja3MNPo5Np98,536,6.21,kráteres,romance,1,0
R_3qsVbzSPnkEZ9Pu,483,2.97,kráteres,romance,1,0
R_qBZVAGbiygl16yR,674,6.07,kráteres,romance,1,0
R_3MEgzBiFCJBMAUN,457,4.75,kráteres,romance,1,0
R_rkYNuZF0SgK0JGh,732,5.76,kráteres,romance,1,0
R_29oCgZSCYIJePHg,792,3.45,kráteres,romance,1,0
R_2pY9bqFFpuTAS1a,284,7,kráteres,romance,1,0
R_1GwflvMIvtpVDSz,652,3.61,kráteres,romance,1,0
R_3CHocKls9HFwIp0,569,-0.06,krémes,romance,1,0
R_231pwiLAC5ZSwkg,588,0,krémes,romance,1,0
R_pK6D4qIrzWOHXrj,774,-1.37,krémes,romance,1,0
R_8nZbxNURhEAQ0wN,768,-6.11,krémes,romance,1,0
R_1KmaYsKDeil9Ulu,630,-3.35,krémes,romance,1,0
R_2f73AcR8uA82XLd,773,-4.61,krémes,romance,1,0
R_3ELPEMeSqeojjKD,4499,-4.29,krémes,romance,1,0
R_29QlGRes7a1ZuSt,1006,-4.04,krémes,romance,1,0
R_AgvhV0T99Hi9hAt,4604,-4.16,krémes,romance,1,0
R_3QR929IrgiCVniq,519,-5.28,krémes,romance,1,0
R_2t6dfZt35dI0dhl,682,-3.27,krémes,romance,1,0
R_3Po5gbqeIdAHi9l,668,0,krémes,romance,1,0
R_32Mja3MNPo5Np98,536,-7,krémes,romance,1,0
R_3qsVbzSPnkEZ9Pu,483,-3.58,krémes,romance,1,0
R_qBZVAGbiygl16yR,674,-6.27,krémes,romance,1,0
R_3MEgzBiFCJBMAUN,457,-6.21,krémes,romance,1,0
R_rkYNuZF0SgK0JGh,732,-0.71,krémes,romance,1,0
R_29oCgZSCYIJePHg,792,-6.17,krémes,romance,1,0
R_2pY9bqFFpuTAS1a,284,-7,krémes,romance,1,0
R_1GwflvMIvtpVDSz,652,1.03,krémes,romance,1,0
R_3CHocKls9HFwIp0,569,4.33,kérges,from other,1,0
R_231pwiLAC5ZSwkg,588,3.96,kérges,from other,1,0
R_pK6D4qIrzWOHXrj,774,4.39,kérges,from other,1,0
R_8nZbxNURhEAQ0wN,768,5.03,kérges,from other,1,0
R_1KmaYsKDeil9Ulu,630,2.7,kérges,from other,1,0
R_2f73AcR8uA82XLd,773,6.01,kérges,from other,1,0
R_3ELPEMeSqeojjKD,4499,4.96,kérges,from other,1,0
R_29QlGRes7a1ZuSt,1006,6.67,kérges,from other,1,0
R_AgvhV0T99Hi9hAt,4604,2.45,kérges,from other,1,0
R_3QR929IrgiCVniq,519,5.34,kérges,from other,1,0
R_2t6dfZt35dI0dhl,682,4.24,kérges,from other,1,0
R_3Po5gbqeIdAHi9l,668,3.94,kérges,from other,1,0
R_32Mja3MNPo5Np98,536,5.11,kérges,from other,1,0
R_3qsVbzSPnkEZ9Pu,483,1.87,kérges,from other,1,0
R_qBZVAGbiygl16yR,674,4.01,kérges,from other,1,0
R_3MEgzBiFCJBMAUN,457,6.19,kérges,from other,1,0
R_rkYNuZF0SgK0JGh,732,3.69,kérges,from other,1,0
R_29oCgZSCYIJePHg,792,7,kérges,from other,1,0
R_2pY9bqFFpuTAS1a,284,5.88,kérges,from other,1,0
R_1GwflvMIvtpVDSz,652,1.93,kérges,from other,1,0
R_3CHocKls9HFwIp0,569,1.15,köves,finnougric,0,0
R_231pwiLAC5ZSwkg,588,3.43,köves,finnougric,0,0
R_pK6D4qIrzWOHXrj,774,3.28,köves,finnougric,0,0
R_8nZbxNURhEAQ0wN,768,2.78,köves,finnougric,0,0
R_1KmaYsKDeil9Ulu,630,4.91,köves,finnougric,0,0
R_2f73AcR8uA82XLd,773,0.85,köves,finnougric,0,0
R_3ELPEMeSqeojjKD,4499,6.21,köves,finnougric,0,0
R_29QlGRes7a1ZuSt,1006,0,köves,finnougric,0,0
R_AgvhV0T99Hi9hAt,4604,5.94,köves,finnougric,0,0
R_3QR929IrgiCVniq,519,6.15,köves,finnougric,0,0
R_2t6dfZt35dI0dhl,682,5.3,köves,finnougric,0,0
R_3Po5gbqeIdAHi9l,668,4.3,köves,finnougric,0,0
R_32Mja3MNPo5Np98,536,6.17,köves,finnougric,0,0
R_3qsVbzSPnkEZ9Pu,483,0,köves,finnougric,0,0
R_qBZVAGbiygl16yR,674,2.08,köves,finnougric,0,0
R_3MEgzBiFCJBMAUN,457,5.01,köves,finnougric,0,0
R_rkYNuZF0SgK0JGh,732,4.14,köves,finnougric,0,0
R_29oCgZSCYIJePHg,792,4.06,köves,finnougric,0,0
R_2pY9bqFFpuTAS1a,284,5.48,köves,finnougric,0,0
R_1GwflvMIvtpVDSz,652,5.09,köves,finnougric,0,0
R_3CHocKls9HFwIp0,569,-4.67,lakkozott,germanic,0,1
R_231pwiLAC5ZSwkg,588,-5.28,lakkozott,germanic,0,1
R_pK6D4qIrzWOHXrj,774,-6.81,lakkozott,germanic,0,1
R_8nZbxNURhEAQ0wN,768,0,lakkozott,germanic,0,1
R_1KmaYsKDeil9Ulu,630,-2.16,lakkozott,germanic,0,1
R_2f73AcR8uA82XLd,773,-2.09,lakkozott,germanic,0,1
R_3ELPEMeSqeojjKD,4499,-6.31,lakkozott,germanic,0,1
R_29QlGRes7a1ZuSt,1006,-6.45,lakkozott,germanic,0,1
R_AgvhV0T99Hi9hAt,4604,0,lakkozott,germanic,0,1
R_3QR929IrgiCVniq,519,-4.02,lakkozott,germanic,0,1
R_2t6dfZt35dI0dhl,682,-6.98,lakkozott,germanic,0,1
R_3Po5gbqeIdAHi9l,668,-1.85,lakkozott,germanic,0,1
R_32Mja3MNPo5Np98,536,-5.3,lakkozott,germanic,0,1
R_3qsVbzSPnkEZ9Pu,483,-6.86,lakkozott,germanic,0,1
R_qBZVAGbiygl16yR,674,-3.98,lakkozott,germanic,0,1
R_3MEgzBiFCJBMAUN,457,-4.77,lakkozott,germanic,0,1
R_rkYNuZF0SgK0JGh,732,-6.09,lakkozott,germanic,0,1
R_29oCgZSCYIJePHg,792,-6.25,lakkozott,germanic,0,1
R_2pY9bqFFpuTAS1a,284,-7,lakkozott,germanic,0,1
R_1GwflvMIvtpVDSz,652,-4.08,lakkozott,germanic,0,1
R_3CHocKls9HFwIp0,569,-3.87,lapos,finnougric,0,1
R_231pwiLAC5ZSwkg,588,-2.01,lapos,finnougric,0,1
R_pK6D4qIrzWOHXrj,774,0,lapos,finnougric,0,1
R_8nZbxNURhEAQ0wN,768,0,lapos,finnougric,0,1
R_1KmaYsKDeil9Ulu,630,-3.08,lapos,finnougric,0,1
R_2f73AcR8uA82XLd,773,0,lapos,finnougric,0,1
R_3ELPEMeSqeojjKD,4499,-6.92,lapos,finnougric,0,1
R_29QlGRes7a1ZuSt,1006,0,lapos,finnougric,0,1
R_AgvhV0T99Hi9hAt,4604,-6.98,lapos,finnougric,0,1
R_3QR929IrgiCVniq,519,-3.25,lapos,finnougric,0,1
R_2t6dfZt35dI0dhl,682,-5.26,lapos,finnougric,0,1
R_3Po5gbqeIdAHi9l,668,-6.98,lapos,finnougric,0,1
R_32Mja3MNPo5Np98,536,0,lapos,finnougric,0,1
R_3qsVbzSPnkEZ9Pu,483,0,lapos,finnougric,0,1
R_qBZVAGbiygl16yR,674,-3.15,lapos,finnougric,0,1
R_3MEgzBiFCJBMAUN,457,-2.33,lapos,finnougric,0,1
R_rkYNuZF0SgK0JGh,732,-1.16,lapos,finnougric,0,1
R_29oCgZSCYIJePHg,792,-6.98,lapos,finnougric,0,1
R_2pY9bqFFpuTAS1a,284,-7,lapos,finnougric,0,1
R_1GwflvMIvtpVDSz,652,-2.13,lapos,finnougric,0,1
R_3CHocKls9HFwIp0,569,0,mocskos,innovation,0,0
R_231pwiLAC5ZSwkg,588,0,mocskos,innovation,0,0
R_pK6D4qIrzWOHXrj,774,0,mocskos,innovation,0,0
R_8nZbxNURhEAQ0wN,768,0,mocskos,innovation,0,0
R_1KmaYsKDeil9Ulu,630,2.89,mocskos,innovation,0,0
R_2f73AcR8uA82XLd,773,-1.34,mocskos,innovation,0,0
R_3ELPEMeSqeojjKD,4499,2.94,mocskos,innovation,0,0
R_29QlGRes7a1ZuSt,1006,0,mocskos,innovation,0,0
R_AgvhV0T99Hi9hAt,4604,0,mocskos,innovation,0,0
R_3QR929IrgiCVniq,519,1.3,mocskos,innovation,0,0
R_2t6dfZt35dI0dhl,682,0,mocskos,innovation,0,0
R_3Po5gbqeIdAHi9l,668,0,mocskos,innovation,0,0
R_32Mja3MNPo5Np98,536,0,mocskos,innovation,0,0
R_3qsVbzSPnkEZ9Pu,483,0,mocskos,innovation,0,0
R_qBZVAGbiygl16yR,674,0,mocskos,innovation,0,0
R_3MEgzBiFCJBMAUN,457,0.14,mocskos,innovation,0,0
R_rkYNuZF0SgK0JGh,732,2.98,mocskos,innovation,0,0
R_29oCgZSCYIJePHg,792,3.43,mocskos,innovation,0,0
R_2pY9bqFFpuTAS1a,284,4.42,mocskos,innovation,0,0
R_1GwflvMIvtpVDSz,652,0,mocskos,innovation,0,0
R_3CHocKls9HFwIp0,569,0,nyers,unknown,1,0
R_231pwiLAC5ZSwkg,588,0,nyers,unknown,1,0
R_pK6D4qIrzWOHXrj,774,0,nyers,unknown,1,0
R_8nZbxNURhEAQ0wN,768,0,nyers,unknown,1,0
R_1KmaYsKDeil9Ulu,630,-2.89,nyers,unknown,1,0
R_2f73AcR8uA82XLd,773,-1.58,nyers,unknown,1,0
R_3ELPEMeSqeojjKD,4499,1.78,nyers,unknown,1,0
R_29QlGRes7a1ZuSt,1006,0,nyers,unknown,1,0
R_AgvhV0T99Hi9hAt,4604,0.65,nyers,unknown,1,0
R_3QR929IrgiCVniq,519,4.46,nyers,unknown,1,0
R_2t6dfZt35dI0dhl,682,0,nyers,unknown,1,0
R_3Po5gbqeIdAHi9l,668,0,nyers,unknown,1,0
R_32Mja3MNPo5Np98,536,-3.08,nyers,unknown,1,0
R_3qsVbzSPnkEZ9Pu,483,0,nyers,unknown,1,0
R_qBZVAGbiygl16yR,674,0,nyers,unknown,1,0
R_3MEgzBiFCJBMAUN,457,0,nyers,unknown,1,0
R_rkYNuZF0SgK0JGh,732,-4.38,nyers,unknown,1,0
R_29oCgZSCYIJePHg,792,5.84,nyers,unknown,1,0
R_2pY9bqFFpuTAS1a,284,5.23,nyers,unknown,1,0
R_1GwflvMIvtpVDSz,652,1.66,nyers,unknown,1,0
R_3CHocKls9HFwIp0,569,-3.87,nyálkás,finnougric,0,1
R_231pwiLAC5ZSwkg,588,-3.19,nyálkás,finnougric,0,1
R_pK6D4qIrzWOHXrj,774,-5.17,nyálkás,finnougric,0,1
R_8nZbxNURhEAQ0wN,768,0.1,nyálkás,finnougric,0,1
R_1KmaYsKDeil9Ulu,630,-1.87,nyálkás,finnougric,0,1
R_2f73AcR8uA82XLd,773,-7,nyálkás,finnougric,0,1
R_3ELPEMeSqeojjKD,4499,-6.1,nyálkás,finnougric,0,1
R_29QlGRes7a1ZuSt,1006,-3.1,nyálkás,finnougric,0,1
R_AgvhV0T99Hi9hAt,4604,-7,nyálkás,finnougric,0,1
R_3QR929IrgiCVniq,519,-1.74,nyálkás,finnougric,0,1
R_2t6dfZt35dI0dhl,682,-2.09,nyálkás,finnougric,0,1
R_3Po5gbqeIdAHi9l,668,0,nyálkás,finnougric,0,1
R_32Mja3MNPo5Np98,536,-7,nyálkás,finnougric,0,1
R_3qsVbzSPnkEZ9Pu,483,-4.15,nyálkás,finnougric,0,1
R_qBZVAGbiygl16yR,674,-6.12,nyálkás,finnougric,0,1
R_3MEgzBiFCJBMAUN,457,-7,nyálkás,finnougric,0,1
R_rkYNuZF0SgK0JGh,732,-0.63,nyálkás,finnougric,0,1
R_29oCgZSCYIJePHg,792,-6.51,nyálkás,finnougric,0,1
R_2pY9bqFFpuTAS1a,284,-4.95,nyálkás,finnougric,0,1
R_1GwflvMIvtpVDSz,652,-3.33,nyálkás,finnougric,0,1
R_3CHocKls9HFwIp0,569,-2.56,olajos,slavic,0,1
R_231pwiLAC5ZSwkg,588,0,olajos,slavic,0,1
R_pK6D4qIrzWOHXrj,774,-4.7,olajos,slavic,0,1
R_8nZbxNURhEAQ0wN,768,0,olajos,slavic,0,1
R_1KmaYsKDeil9Ulu,630,-3.27,olajos,slavic,0,1
R_2f73AcR8uA82XLd,773,-7,olajos,slavic,0,1
R_3ELPEMeSqeojjKD,4499,-5.23,olajos,slavic,0,1
R_29QlGRes7a1ZuSt,1006,-6.95,olajos,slavic,0,1
R_AgvhV0T99Hi9hAt,4604,-2.96,olajos,slavic,0,1
R_3QR929IrgiCVniq,519,-6.39,olajos,slavic,0,1
R_2t6dfZt35dI0dhl,682,-6.98,olajos,slavic,0,1
R_3Po5gbqeIdAHi9l,668,-3.81,olajos,slavic,0,1
R_32Mja3MNPo5Np98,536,0,olajos,slavic,0,1
R_3qsVbzSPnkEZ9Pu,483,-5.77,olajos,slavic,0,1
R_qBZVAGbiygl16yR,674,-5.11,olajos,slavic,0,1
R_3MEgzBiFCJBMAUN,457,-7,olajos,slavic,0,1
R_rkYNuZF0SgK0JGh,732,-4.06,olajos,slavic,0,1
R_29oCgZSCYIJePHg,792,-6.25,olajos,slavic,0,1
R_2pY9bqFFpuTAS1a,284,-7,olajos,slavic,0,1
R_1GwflvMIvtpVDSz,652,-6.09,olajos,slavic,0,1
R_3CHocKls9HFwIp0,569,0,omlós,from other,0,1
R_231pwiLAC5ZSwkg,588,0,omlós,from other,0,1
R_pK6D4qIrzWOHXrj,774,0,omlós,from other,0,1
R_8nZbxNURhEAQ0wN,768,0,omlós,from other,0,1
R_1KmaYsKDeil9Ulu,630,-1.56,omlós,from other,0,1
R_2f73AcR8uA82XLd,773,0.57,omlós,from other,0,1
R_3ELPEMeSqeojjKD,4499,-1.97,omlós,from other,0,1
R_29QlGRes7a1ZuSt,1006,0,omlós,from other,0,1
R_AgvhV0T99Hi9hAt,4604,-4.69,omlós,from other,0,1
R_3QR929IrgiCVniq,519,-4.22,omlós,from other,0,1
R_2t6dfZt35dI0dhl,682,1.16,omlós,from other,0,1
R_3Po5gbqeIdAHi9l,668,0,omlós,from other,0,1
R_32Mja3MNPo5Np98,536,2.25,omlós,from other,0,1
R_3qsVbzSPnkEZ9Pu,483,-3.82,omlós,from other,0,1
R_qBZVAGbiygl16yR,674,-4.12,omlós,from other,0,1
R_3MEgzBiFCJBMAUN,457,-2.5,omlós,from other,0,1
R_rkYNuZF0SgK0JGh,732,2.58,omlós,from other,0,1
R_29oCgZSCYIJePHg,792,-2.39,omlós,from other,0,1
R_2pY9bqFFpuTAS1a,284,7,omlós,from other,0,1
R_1GwflvMIvtpVDSz,652,0,omlós,from other,0,1
R_3CHocKls9HFwIp0,569,-0.66,papírszerű,germanic,1,0
R_231pwiLAC5ZSwkg,588,0,papírszerű,germanic,1,0
R_pK6D4qIrzWOHXrj,774,-4.58,papírszerű,germanic,1,0
R_8nZbxNURhEAQ0wN,768,-6.98,papírszerű,germanic,1,0
R_1KmaYsKDeil9Ulu,630,0,papírszerű,germanic,1,0
R_2f73AcR8uA82XLd,773,1.18,papírszerű,germanic,1,0
R_3ELPEMeSqeojjKD,4499,-2.18,papírszerű,germanic,1,0
R_29QlGRes7a1ZuSt,1006,2.66,papírszerű,germanic,1,0
R_AgvhV0T99Hi9hAt,4604,-4.79,papírszerű,germanic,1,0
R_3QR929IrgiCVniq,519,-0.02,papírszerű,germanic,1,0
R_2t6dfZt35dI0dhl,682,-0.93,papírszerű,germanic,1,0
R_3Po5gbqeIdAHi9l,668,-3.15,papírszerű,germanic,1,0
R_32Mja3MNPo5Np98,536,-7,papírszerű,germanic,1,0
R_3qsVbzSPnkEZ9Pu,483,-3.54,papírszerű,germanic,1,0
R_qBZVAGbiygl16yR,674,-3.96,papírszerű,germanic,1,0
R_3MEgzBiFCJBMAUN,457,-2.33,papírszerű,germanic,1,0
R_rkYNuZF0SgK0JGh,732,0,papírszerű,germanic,1,0
R_29oCgZSCYIJePHg,792,-3.21,papírszerű,germanic,1,0
R_2pY9bqFFpuTAS1a,284,-7,papírszerű,germanic,1,0
R_1GwflvMIvtpVDSz,652,-6.23,papírszerű,germanic,1,0
R_3CHocKls9HFwIp0,569,2.55,perforált,romance,1,1
R_231pwiLAC5ZSwkg,588,0,perforált,romance,1,1
R_pK6D4qIrzWOHXrj,774,2.24,perforált,romance,1,1
R_8nZbxNURhEAQ0wN,768,1.08,perforált,romance,1,1
R_1KmaYsKDeil9Ulu,630,2.3,perforált,romance,1,1
R_2f73AcR8uA82XLd,773,0,perforált,romance,1,1
R_3ELPEMeSqeojjKD,4499,4.01,perforált,romance,1,1
R_29QlGRes7a1ZuSt,1006,0,perforált,romance,1,1
R_AgvhV0T99Hi9hAt,4604,0,perforált,romance,1,1
R_3QR929IrgiCVniq,519,5.23,perforált,romance,1,1
R_2t6dfZt35dI0dhl,682,0.99,perforált,romance,1,1
R_3Po5gbqeIdAHi9l,668,0,perforált,romance,1,1
R_32Mja3MNPo5Np98,536,-1.91,perforált,romance,1,1
R_3qsVbzSPnkEZ9Pu,483,0,perforált,romance,1,1
R_qBZVAGbiygl16yR,674,0,perforált,romance,1,1
R_3MEgzBiFCJBMAUN,457,2.8,perforált,romance,1,1
R_rkYNuZF0SgK0JGh,732,3.04,perforált,romance,1,1
R_29oCgZSCYIJePHg,792,-4.93,perforált,romance,1,1
R_2pY9bqFFpuTAS1a,284,0,perforált,romance,1,1
R_1GwflvMIvtpVDSz,652,1.54,perforált,romance,1,1
R_3CHocKls9HFwIp0,569,5.53,pikkelyes,germanic,0,0
R_231pwiLAC5ZSwkg,588,2.45,pikkelyes,germanic,0,0
R_pK6D4qIrzWOHXrj,774,3.82,pikkelyes,germanic,0,0
R_8nZbxNURhEAQ0wN,768,0.83,pikkelyes,germanic,0,0
R_1KmaYsKDeil9Ulu,630,3.93,pikkelyes,germanic,0,0
R_2f73AcR8uA82XLd,773,-5.94,pikkelyes,germanic,0,0
R_3ELPEMeSqeojjKD,4499,6.34,pikkelyes,germanic,0,0
R_29QlGRes7a1ZuSt,1006,2.39,pikkelyes,germanic,0,0
R_AgvhV0T99Hi9hAt,4604,1.05,pikkelyes,germanic,0,0
R_3QR929IrgiCVniq,519,2.13,pikkelyes,germanic,0,0
R_2t6dfZt35dI0dhl,682,2.07,pikkelyes,germanic,0,0
R_3Po5gbqeIdAHi9l,668,-1.08,pikkelyes,germanic,0,0
R_32Mja3MNPo5Np98,536,1.16,pikkelyes,germanic,0,0
R_3qsVbzSPnkEZ9Pu,483,4.86,pikkelyes,germanic,0,0
R_qBZVAGbiygl16yR,674,1.01,pikkelyes,germanic,0,0
R_3MEgzBiFCJBMAUN,457,7,pikkelyes,germanic,0,0
R_rkYNuZF0SgK0JGh,732,-0.93,pikkelyes,germanic,0,0
R_29oCgZSCYIJePHg,792,7,pikkelyes,germanic,0,0
R_2pY9bqFFpuTAS1a,284,7,pikkelyes,germanic,0,0
R_1GwflvMIvtpVDSz,652,5.3,pikkelyes,germanic,0,0
R_3CHocKls9HFwIp0,569,0,poros,finnougric,1,0
R_231pwiLAC5ZSwkg,588,0.26,poros,finnougric,1,0
R_pK6D4qIrzWOHXrj,774,-2.99,poros,finnougric,1,0
R_8nZbxNURhEAQ0wN,768,-1.18,poros,finnougric,1,0
R_1KmaYsKDeil9Ulu,630,1.99,poros,finnougric,1,0
R_2f73AcR8uA82XLd,773,0,poros,finnougric,1,0
R_3ELPEMeSqeojjKD,4499,2.44,poros,finnougric,1,0
R_29QlGRes7a1ZuSt,1006,0,poros,finnougric,1,0
R_AgvhV0T99Hi9hAt,4604,-3.19,poros,finnougric,1,0
R_3QR929IrgiCVniq,519,0.93,poros,finnougric,1,0
R_2t6dfZt35dI0dhl,682,0,poros,finnougric,1,0
R_3Po5gbqeIdAHi9l,668,0,poros,finnougric,1,0
R_32Mja3MNPo5Np98,536,-7,poros,finnougric,1,0
R_3qsVbzSPnkEZ9Pu,483,-4.44,poros,finnougric,1,0
R_qBZVAGbiygl16yR,674,-1.77,poros,finnougric,1,0
R_3MEgzBiFCJBMAUN,457,-3.98,poros,finnougric,1,0
R_rkYNuZF0SgK0JGh,732,-1.97,poros,finnougric,1,0
R_29oCgZSCYIJePHg,792,-1.18,poros,finnougric,1,0
R_2pY9bqFFpuTAS1a,284,-5.19,poros,finnougric,1,0
R_1GwflvMIvtpVDSz,652,1.44,poros,finnougric,1,0
R_3CHocKls9HFwIp0,569,0,ragacsos,finnougric,1,0
R_231pwiLAC5ZSwkg,588,0,ragacsos,finnougric,1,0
R_pK6D4qIrzWOHXrj,774,2.34,ragacsos,finnougric,1,0
R_8nZbxNURhEAQ0wN,768,0,ragacsos,finnougric,1,0
R_1KmaYsKDeil9Ulu,630,-2.08,ragacsos,finnougric,1,0
R_2f73AcR8uA82XLd,773,0,ragacsos,finnougric,1,0
R_3ELPEMeSqeojjKD,4499,-4.01,ragacsos,finnougric,1,0
R_29QlGRes7a1ZuSt,1006,0,ragacsos,finnougric,1,0
R_AgvhV0T99Hi9hAt,4604,7,ragacsos,finnougric,1,0
R_3QR929IrgiCVniq,519,1.26,ragacsos,finnougric,1,0
R_2t6dfZt35dI0dhl,682,4.26,ragacsos,finnougric,1,0
R_3Po5gbqeIdAHi9l,668,0,ragacsos,finnougric,1,0
R_32Mja3MNPo5Np98,536,0,ragacsos,finnougric,1,0
R_3qsVbzSPnkEZ9Pu,483,2.73,ragacsos,finnougric,1,0
R_qBZVAGbiygl16yR,674,-3.04,ragacsos,finnougric,1,0
R_3MEgzBiFCJBMAUN,457,2.78,ragacsos,finnougric,1,0
R_rkYNuZF0SgK0JGh,732,1.91,ragacsos,finnougric,1,0
R_29oCgZSCYIJePHg,792,1.38,ragacsos,finnougric,1,0
R_2pY9bqFFpuTAS1a,284,7,ragacsos,finnougric,1,0
R_1GwflvMIvtpVDSz,652,1.58,ragacsos,finnougric,1,0
R_3CHocKls9HFwIp0,569,3.06,redőzött,innovation,1,0
R_231pwiLAC5ZSwkg,588,3.81,redőzött,innovation,1,0
R_pK6D4qIrzWOHXrj,774,4.53,redőzött,innovation,1,0
R_8nZbxNURhEAQ0wN,768,2.74,redőzött,innovation,1,0
R_1KmaYsKDeil9Ulu,630,3.18,redőzött,innovation,1,0
R_2f73AcR8uA82XLd,773,0,redőzött,innovation,1,0
R_3ELPEMeSqeojjKD,4499,4.52,redőzött,innovation,1,0
R_29QlGRes7a1ZuSt,1006,3.27,redőzött,innovation,1,0
R_AgvhV0T99Hi9hAt,4604,1.06,redőzött,innovation,1,0
R_3QR929IrgiCVniq,519,3.37,redőzött,innovation,1,0
R_2t6dfZt35dI0dhl,682,1.91,redőzött,innovation,1,0
R_3Po5gbqeIdAHi9l,668,1.62,redőzött,innovation,1,0
R_32Mja3MNPo5Np98,536,1.06,redőzött,innovation,1,0
R_3qsVbzSPnkEZ9Pu,483,3.06,redőzött,innovation,1,0
R_qBZVAGbiygl16yR,674,2.32,redőzött,innovation,1,0
R_3MEgzBiFCJBMAUN,457,2.23,redőzött,innovation,1,0
R_rkYNuZF0SgK0JGh,732,4.59,redőzött,innovation,1,0
R_29oCgZSCYIJePHg,792,5.28,redőzött,innovation,1,0
R_2pY9bqFFpuTAS1a,284,7,redőzött,innovation,1,0
R_1GwflvMIvtpVDSz,652,2.62,redőzött,innovation,1,0
R_3CHocKls9HFwIp0,569,2.37,repedezett,innovation,1,0
R_231pwiLAC5ZSwkg,588,1.87,repedezett,innovation,1,0
R_pK6D4qIrzWOHXrj,774,4.15,repedezett,innovation,1,0
R_8nZbxNURhEAQ0wN,768,1.4,repedezett,innovation,1,0
R_1KmaYsKDeil9Ulu,630,4.1,repedezett,innovation,1,0
R_2f73AcR8uA82XLd,773,3.81,repedezett,innovation,1,0
R_3ELPEMeSqeojjKD,4499,3.37,repedezett,innovation,1,0
R_29QlGRes7a1ZuSt,1006,1.62,repedezett,innovation,1,0
R_AgvhV0T99Hi9hAt,4604,0.99,repedezett,innovation,1,0
R_3QR929IrgiCVniq,519,2.96,repedezett,innovation,1,0
R_2t6dfZt35dI0dhl,682,3.81,repedezett,innovation,1,0
R_3Po5gbqeIdAHi9l,668,5.23,repedezett,innovation,1,0
R_32Mja3MNPo5Np98,536,6.13,repedezett,innovation,1,0
R_3qsVbzSPnkEZ9Pu,483,1.87,repedezett,innovation,1,0
R_qBZVAGbiygl16yR,674,3.12,repedezett,innovation,1,0
R_3MEgzBiFCJBMAUN,457,1.26,repedezett,innovation,1,0
R_rkYNuZF0SgK0JGh,732,5.92,repedezett,innovation,1,0
R_29oCgZSCYIJePHg,792,7,repedezett,innovation,1,0
R_2pY9bqFFpuTAS1a,284,4.26,repedezett,innovation,1,0
R_1GwflvMIvtpVDSz,652,3.21,repedezett,innovation,1,0
R_3CHocKls9HFwIp0,569,0,rezes,caucasian,1,0
R_231pwiLAC5ZSwkg,588,0,rezes,caucasian,1,0
R_pK6D4qIrzWOHXrj,774,0,rezes,caucasian,1,0
R_8nZbxNURhEAQ0wN,768,0,rezes,caucasian,1,0
R_1KmaYsKDeil9Ulu,630,0,rezes,caucasian,1,0
R_2f73AcR8uA82XLd,773,-2.05,rezes,caucasian,1,0
R_3ELPEMeSqeojjKD,4499,3.2,rezes,caucasian,1,0
R_29QlGRes7a1ZuSt,1006,0,rezes,caucasian,1,0
R_AgvhV0T99Hi9hAt,4604,0,rezes,caucasian,1,0
R_3QR929IrgiCVniq,519,2.13,rezes,caucasian,1,0
R_2t6dfZt35dI0dhl,682,0,rezes,caucasian,1,0
R_3Po5gbqeIdAHi9l,668,0,rezes,caucasian,1,0
R_32Mja3MNPo5Np98,536,-7,rezes,caucasian,1,0
R_3qsVbzSPnkEZ9Pu,483,0.45,rezes,caucasian,1,0
R_qBZVAGbiygl16yR,674,0,rezes,caucasian,1,0
R_3MEgzBiFCJBMAUN,457,0.14,rezes,caucasian,1,0
R_rkYNuZF0SgK0JGh,732,0.59,rezes,caucasian,1,0
R_29oCgZSCYIJePHg,792,2.48,rezes,caucasian,1,0
R_2pY9bqFFpuTAS1a,284,4.12,rezes,caucasian,1,0
R_1GwflvMIvtpVDSz,652,0,rezes,caucasian,1,0
R_3CHocKls9HFwIp0,569,0,rongyos,finnougric,1,0
R_231pwiLAC5ZSwkg,588,0,rongyos,finnougric,1,0
R_pK6D4qIrzWOHXrj,774,0,rongyos,finnougric,1,0
R_8nZbxNURhEAQ0wN,768,0.32,rongyos,finnougric,1,0
R_1KmaYsKDeil9Ulu,630,3.7,rongyos,finnougric,1,0
R_2f73AcR8uA82XLd,773,0,rongyos,finnougric,1,0
R_3ELPEMeSqeojjKD,4499,3.58,rongyos,finnougric,1,0
R_29QlGRes7a1ZuSt,1006,-1.51,rongyos,finnougric,1,0
R_AgvhV0T99Hi9hAt,4604,-1.54,rongyos,finnougric,1,0
R_3QR929IrgiCVniq,519,3.43,rongyos,finnougric,1,0
R_2t6dfZt35dI0dhl,682,0,rongyos,finnougric,1,0
R_3Po5gbqeIdAHi9l,668,0,rongyos,finnougric,1,0
R_32Mja3MNPo5Np98,536,0,rongyos,finnougric,1,0
R_3qsVbzSPnkEZ9Pu,483,0,rongyos,finnougric,1,0
R_qBZVAGbiygl16yR,674,0,rongyos,finnougric,1,0
R_3MEgzBiFCJBMAUN,457,-1.79,rongyos,finnougric,1,0
R_rkYNuZF0SgK0JGh,732,0.08,rongyos,finnougric,1,0
R_29oCgZSCYIJePHg,792,4.32,rongyos,finnougric,1,0
R_2pY9bqFFpuTAS1a,284,6.68,rongyos,finnougric,1,0
R_1GwflvMIvtpVDSz,652,1.62,rongyos,finnougric,1,0
R_3CHocKls9HFwIp0,569,0,ropogós,from other,1,0
R_231pwiLAC5ZSwkg,588,0,ropogós,from other,1,0
R_pK6D4qIrzWOHXrj,774,0,ropogós,from other,1,0
R_8nZbxNURhEAQ0wN,768,2.09,ropogós,from other,1,0
R_1KmaYsKDeil9Ulu,630,2.67,ropogós,from other,1,0
R_2f73AcR8uA82XLd,773,3.88,ropogós,from other,1,0
R_3ELPEMeSqeojjKD,4499,4.53,ropogós,from other,1,0
R_29QlGRes7a1ZuSt,1006,0,ropogós,from other,1,0
R_AgvhV0T99Hi9hAt,4604,3.49,ropogós,from other,1,0
R_3QR929IrgiCVniq,519,2.11,ropogós,from other,1,0
R_2t6dfZt35dI0dhl,682,0,ropogós,from other,1,0
R_3Po5gbqeIdAHi9l,668,0,ropogós,from other,1,0
R_32Mja3MNPo5Np98,536,1.12,ropogós,from other,1,0
R_3qsVbzSPnkEZ9Pu,483,2.44,ropogós,from other,1,0
R_qBZVAGbiygl16yR,674,2.65,ropogós,from other,1,0
R_3MEgzBiFCJBMAUN,457,4.42,ropogós,from other,1,0
R_rkYNuZF0SgK0JGh,732,3.15,ropogós,from other,1,0
R_29oCgZSCYIJePHg,792,4.32,ropogós,from other,1,0
R_2pY9bqFFpuTAS1a,284,4.52,ropogós,from other,1,0
R_1GwflvMIvtpVDSz,652,0,ropogós,from other,1,0
R_3CHocKls9HFwIp0,569,2.33,rostos,from other,1,0
R_231pwiLAC5ZSwkg,588,1.7,rostos,from other,1,0
R_pK6D4qIrzWOHXrj,774,0,rostos,from other,1,0
R_8nZbxNURhEAQ0wN,768,0,rostos,from other,1,0
R_1KmaYsKDeil9Ulu,630,3.56,rostos,from other,1,0
R_2f73AcR8uA82XLd,773,1.36,rostos,from other,1,0
R_3ELPEMeSqeojjKD,4499,2.49,rostos,from other,1,0
R_29QlGRes7a1ZuSt,1006,0,rostos,from other,1,0
R_AgvhV0T99Hi9hAt,4604,-0.89,rostos,from other,1,0
R_3QR929IrgiCVniq,519,3.47,rostos,from other,1,0
R_2t6dfZt35dI0dhl,682,1.38,rostos,from other,1,0
R_3Po5gbqeIdAHi9l,668,0,rostos,from other,1,0
R_32Mja3MNPo5Np98,536,0.99,rostos,from other,1,0
R_3qsVbzSPnkEZ9Pu,483,2.21,rostos,from other,1,0
R_qBZVAGbiygl16yR,674,0.91,rostos,from other,1,0
R_3MEgzBiFCJBMAUN,457,-1.66,rostos,from other,1,0
R_rkYNuZF0SgK0JGh,732,2.58,rostos,from other,1,0
R_29oCgZSCYIJePHg,792,4.34,rostos,from other,1,0
R_2pY9bqFFpuTAS1a,284,6.05,rostos,from other,1,0
R_1GwflvMIvtpVDSz,652,2.52,rostos,from other,1,0
R_3CHocKls9HFwIp0,569,3.26,rögös,unknown,1,0
R_231pwiLAC5ZSwkg,588,4.18,rögös,unknown,1,0
R_pK6D4qIrzWOHXrj,774,3.7,rögös,unknown,1,0
R_8nZbxNURhEAQ0wN,768,5.26,rögös,unknown,1,0
R_1KmaYsKDeil9Ulu,630,4.31,rögös,unknown,1,0
R_2f73AcR8uA82XLd,773,0.41,rögös,unknown,1,0
R_3ELPEMeSqeojjKD,4499,6.53,rögös,unknown,1,0
R_29QlGRes7a1ZuSt,1006,4.58,rögös,unknown,1,0
R_AgvhV0T99Hi9hAt,4604,2.92,rögös,unknown,1,0
R_3QR929IrgiCVniq,519,4.12,rögös,unknown,1,0
R_2t6dfZt35dI0dhl,682,3.14,rögös,unknown,1,0
R_3Po5gbqeIdAHi9l,668,3.39,rögös,unknown,1,0
R_32Mja3MNPo5Np98,536,1.03,rögös,unknown,1,0
R_3qsVbzSPnkEZ9Pu,483,4.2,rögös,unknown,1,0
R_qBZVAGbiygl16yR,674,4.55,rögös,unknown,1,0
R_3MEgzBiFCJBMAUN,457,5.07,rögös,unknown,1,0
R_rkYNuZF0SgK0JGh,732,5.36,rögös,unknown,1,0
R_29oCgZSCYIJePHg,792,6.57,rögös,unknown,1,0
R_2pY9bqFFpuTAS1a,284,6.05,rögös,unknown,1,0
R_1GwflvMIvtpVDSz,652,5.38,rögös,unknown,1,0
R_3CHocKls9HFwIp0,569,3.9,rücskös,from other,1,0
R_231pwiLAC5ZSwkg,588,5.17,rücskös,from other,1,0
R_pK6D4qIrzWOHXrj,774,5.03,rücskös,from other,1,0
R_8nZbxNURhEAQ0wN,768,4.3,rücskös,from other,1,0
R_1KmaYsKDeil9Ulu,630,5.33,rücskös,from other,1,0
R_2f73AcR8uA82XLd,773,7,rücskös,from other,1,0
R_3ELPEMeSqeojjKD,4499,3.94,rücskös,from other,1,0
R_29QlGRes7a1ZuSt,1006,5.7,rücskös,from other,1,0
R_AgvhV0T99Hi9hAt,4604,2.84,rücskös,from other,1,0
R_3QR929IrgiCVniq,519,3.12,rücskös,from other,1,0
R_2t6dfZt35dI0dhl,682,6.23,rücskös,from other,1,0
R_3Po5gbqeIdAHi9l,668,3.25,rücskös,from other,1,0
R_32Mja3MNPo5Np98,536,7,rücskös,from other,1,0
R_3qsVbzSPnkEZ9Pu,483,7,rücskös,from other,1,0
R_qBZVAGbiygl16yR,674,3.1,rücskös,from other,1,0
R_3MEgzBiFCJBMAUN,457,3.63,rücskös,from other,1,0
R_rkYNuZF0SgK0JGh,732,1.95,rücskös,from other,1,0
R_29oCgZSCYIJePHg,792,7,rücskös,from other,1,0
R_2pY9bqFFpuTAS1a,284,7,rücskös,from other,1,0
R_1GwflvMIvtpVDSz,652,5.94,rücskös,from other,1,0
R_3CHocKls9HFwIp0,569,-3.45,selymes,unknown,0,0
R_231pwiLAC5ZSwkg,588,-3.35,selymes,unknown,0,0
R_pK6D4qIrzWOHXrj,774,-5.13,selymes,unknown,0,0
R_8nZbxNURhEAQ0wN,768,-6.98,selymes,unknown,0,0
R_1KmaYsKDeil9Ulu,630,-3.34,selymes,unknown,0,0
R_2f73AcR8uA82XLd,773,-2.45,selymes,unknown,0,0
R_3ELPEMeSqeojjKD,4499,-4.38,selymes,unknown,0,0
R_29QlGRes7a1ZuSt,1006,-6.56,selymes,unknown,0,0
R_AgvhV0T99Hi9hAt,4604,-4.75,selymes,unknown,0,0
R_3QR929IrgiCVniq,519,-6.05,selymes,unknown,0,0
R_2t6dfZt35dI0dhl,682,-6.19,selymes,unknown,0,0
R_3Po5gbqeIdAHi9l,668,-6.98,selymes,unknown,0,0
R_32Mja3MNPo5Np98,536,-7,selymes,unknown,0,0
R_3qsVbzSPnkEZ9Pu,483,-6.95,selymes,unknown,0,0
R_qBZVAGbiygl16yR,674,-6.91,selymes,unknown,0,0
R_3MEgzBiFCJBMAUN,457,-5.92,selymes,unknown,0,0
R_rkYNuZF0SgK0JGh,732,-6.68,selymes,unknown,0,0
R_29oCgZSCYIJePHg,792,-2.62,selymes,unknown,0,0
R_2pY9bqFFpuTAS1a,284,-7,selymes,unknown,0,0
R_1GwflvMIvtpVDSz,652,-2.82,selymes,unknown,0,0
R_3CHocKls9HFwIp0,569,-6.95,sima,from other,0,0
R_231pwiLAC5ZSwkg,588,-2.98,sima,from other,0,0
R_pK6D4qIrzWOHXrj,774,-7,sima,from other,0,0
R_8nZbxNURhEAQ0wN,768,-6.98,sima,from other,0,0
R_1KmaYsKDeil9Ulu,630,-7,sima,from other,0,0
R_2f73AcR8uA82XLd,773,-2.19,sima,from other,0,0
R_3ELPEMeSqeojjKD,4499,-6.9,sima,from other,0,0
R_29QlGRes7a1ZuSt,1006,-7,sima,from other,0,0
R_AgvhV0T99Hi9hAt,4604,-6.98,sima,from other,0,0
R_3QR929IrgiCVniq,519,-7,sima,from other,0,0
R_2t6dfZt35dI0dhl,682,-6.98,sima,from other,0,0
R_3Po5gbqeIdAHi9l,668,-6.98,sima,from other,0,0
R_32Mja3MNPo5Np98,536,-7,sima,from other,0,0
R_3qsVbzSPnkEZ9Pu,483,-6.95,sima,from other,0,0
R_qBZVAGbiygl16yR,674,-6.99,sima,from other,0,0
R_3MEgzBiFCJBMAUN,457,-2.03,sima,from other,0,0
R_rkYNuZF0SgK0JGh,732,-7,sima,from other,0,0
R_29oCgZSCYIJePHg,792,-6.98,sima,from other,0,0
R_2pY9bqFFpuTAS1a,284,-7,sima,from other,0,0
R_1GwflvMIvtpVDSz,652,-4.18,sima,from other,0,0
R_3CHocKls9HFwIp0,569,4.35,szemcsés,innovation,0,0
R_231pwiLAC5ZSwkg,588,2.94,szemcsés,innovation,0,0
R_pK6D4qIrzWOHXrj,774,4.32,szemcsés,innovation,0,0
R_8nZbxNURhEAQ0wN,768,3.04,szemcsés,innovation,0,0
R_1KmaYsKDeil9Ulu,630,2.94,szemcsés,innovation,0,0
R_2f73AcR8uA82XLd,773,2.13,szemcsés,innovation,0,0
R_3ELPEMeSqeojjKD,4499,1.95,szemcsés,innovation,0,0
R_29QlGRes7a1ZuSt,1006,2.22,szemcsés,innovation,0,0
R_AgvhV0T99Hi9hAt,4604,0,szemcsés,innovation,0,0
R_3QR929IrgiCVniq,519,2.88,szemcsés,innovation,0,0
R_2t6dfZt35dI0dhl,682,3.19,szemcsés,innovation,0,0
R_3Po5gbqeIdAHi9l,668,0,szemcsés,innovation,0,0
R_32Mja3MNPo5Np98,536,4.18,szemcsés,innovation,0,0
R_3qsVbzSPnkEZ9Pu,483,4.06,szemcsés,innovation,0,0
R_qBZVAGbiygl16yR,674,3.26,szemcsés,innovation,0,0
R_3MEgzBiFCJBMAUN,457,-5.34,szemcsés,innovation,0,0
R_rkYNuZF0SgK0JGh,732,4.26,szemcsés,innovation,0,0
R_29oCgZSCYIJePHg,792,1.75,szemcsés,innovation,0,0
R_2pY9bqFFpuTAS1a,284,7,szemcsés,innovation,0,0
R_1GwflvMIvtpVDSz,652,2.25,szemcsés,innovation,0,0
R_3CHocKls9HFwIp0,569,2.25,sziklás,slavic,0,1
R_231pwiLAC5ZSwkg,588,0,sziklás,slavic,0,1
R_pK6D4qIrzWOHXrj,774,4.25,sziklás,slavic,0,1
R_8nZbxNURhEAQ0wN,768,3.88,sziklás,slavic,0,1
R_1KmaYsKDeil9Ulu,630,3.34,sziklás,slavic,0,1
R_2f73AcR8uA82XLd,773,0,sziklás,slavic,0,1
R_3ELPEMeSqeojjKD,4499,7,sziklás,slavic,0,1
R_29QlGRes7a1ZuSt,1006,3.6,sziklás,slavic,0,1
R_AgvhV0T99Hi9hAt,4604,6.94,sziklás,slavic,0,1
R_3QR929IrgiCVniq,519,5.21,sziklás,slavic,0,1
R_2t6dfZt35dI0dhl,682,6.13,sziklás,slavic,0,1
R_3Po5gbqeIdAHi9l,668,4.77,sziklás,slavic,0,1
R_32Mja3MNPo5Np98,536,7,sziklás,slavic,0,1
R_3qsVbzSPnkEZ9Pu,483,3.54,sziklás,slavic,0,1
R_qBZVAGbiygl16yR,674,3.07,sziklás,slavic,0,1
R_3MEgzBiFCJBMAUN,457,6.8,sziklás,slavic,0,1
R_rkYNuZF0SgK0JGh,732,1.81,sziklás,slavic,0,1
R_29oCgZSCYIJePHg,792,6.88,sziklás,slavic,0,1
R_2pY9bqFFpuTAS1a,284,7,sziklás,slavic,0,1
R_1GwflvMIvtpVDSz,652,7,sziklás,slavic,0,1
R_3CHocKls9HFwIp0,569,0,száraz,finnougric,1,0
R_231pwiLAC5ZSwkg,588,0,száraz,finnougric,1,0
R_pK6D4qIrzWOHXrj,774,0,száraz,finnougric,1,0
R_8nZbxNURhEAQ0wN,768,0,száraz,finnougric,1,0
R_1KmaYsKDeil9Ulu,630,-1.63,száraz,finnougric,1,0
R_2f73AcR8uA82XLd,773,3.43,száraz,finnougric,1,0
R_3ELPEMeSqeojjKD,4499,5.48,száraz,finnougric,1,0
R_29QlGRes7a1ZuSt,1006,4.42,száraz,finnougric,1,0
R_AgvhV0T99Hi9hAt,4604,2.17,száraz,finnougric,1,0
R_3QR929IrgiCVniq,519,1.99,száraz,finnougric,1,0
R_2t6dfZt35dI0dhl,682,0,száraz,finnougric,1,0
R_3Po5gbqeIdAHi9l,668,0,száraz,finnougric,1,0
R_32Mja3MNPo5Np98,536,0,száraz,finnougric,1,0
R_3qsVbzSPnkEZ9Pu,483,-2.44,száraz,finnougric,1,0
R_qBZVAGbiygl16yR,674,1.31,száraz,finnougric,1,0
R_3MEgzBiFCJBMAUN,457,2.74,száraz,finnougric,1,0
R_rkYNuZF0SgK0JGh,732,0.65,száraz,finnougric,1,0
R_29oCgZSCYIJePHg,792,7,száraz,finnougric,1,0
R_2pY9bqFFpuTAS1a,284,5.36,száraz,finnougric,1,0
R_1GwflvMIvtpVDSz,652,0,száraz,finnougric,1,0
R_3CHocKls9HFwIp0,569,2.21,szöges,finnougric,0,0
R_231pwiLAC5ZSwkg,588,6.37,szöges,finnougric,0,0
R_pK6D4qIrzWOHXrj,774,3.42,szöges,finnougric,0,0
R_8nZbxNURhEAQ0wN,768,6.98,szöges,finnougric,0,0
R_1KmaYsKDeil9Ulu,630,3.7,szöges,finnougric,0,0
R_2f73AcR8uA82XLd,773,4,szöges,finnougric,0,0
R_3ELPEMeSqeojjKD,4499,7,szöges,finnougric,0,0
R_29QlGRes7a1ZuSt,1006,4.47,szöges,finnougric,0,0
R_AgvhV0T99Hi9hAt,4604,7,szöges,finnougric,0,0
R_3QR929IrgiCVniq,519,6.13,szöges,finnougric,0,0
R_2t6dfZt35dI0dhl,682,6.23,szöges,finnougric,0,0
R_3Po5gbqeIdAHi9l,668,1.03,szöges,finnougric,0,0
R_32Mja3MNPo5Np98,536,7,szöges,finnougric,0,0
R_3qsVbzSPnkEZ9Pu,483,2.97,szöges,finnougric,0,0
R_qBZVAGbiygl16yR,674,3.86,szöges,finnougric,0,0
R_3MEgzBiFCJBMAUN,457,-5.21,szöges,finnougric,0,0
R_rkYNuZF0SgK0JGh,732,5.78,szöges,finnougric,0,0
R_29oCgZSCYIJePHg,792,3.12,szöges,finnougric,0,0
R_2pY9bqFFpuTAS1a,284,7,szöges,finnougric,0,0
R_1GwflvMIvtpVDSz,652,7,szöges,finnougric,0,0
R_3CHocKls9HFwIp0,569,5.43,szúrós,finnougric,1,0
R_231pwiLAC5ZSwkg,588,5.21,szúrós,finnougric,1,0
R_pK6D4qIrzWOHXrj,774,4.67,szúrós,finnougric,1,0
R_8nZbxNURhEAQ0wN,768,7,szúrós,finnougric,1,0
R_1KmaYsKDeil9Ulu,630,5.5,szúrós,finnougric,1,0
R_2f73AcR8uA82XLd,773,0,szúrós,finnougric,1,0
R_3ELPEMeSqeojjKD,4499,5.77,szúrós,finnougric,1,0
R_29QlGRes7a1ZuSt,1006,6.38,szúrós,finnougric,1,0
R_AgvhV0T99Hi9hAt,4604,7,szúrós,finnougric,1,0
R_3QR929IrgiCVniq,519,4.04,szúrós,finnougric,1,0
R_2t6dfZt35dI0dhl,682,6.29,szúrós,finnougric,1,0
R_3Po5gbqeIdAHi9l,668,5.7,szúrós,finnougric,1,0
R_32Mja3MNPo5Np98,536,2.05,szúrós,finnougric,1,0
R_3qsVbzSPnkEZ9Pu,483,4.25,szúrós,finnougric,1,0
R_qBZVAGbiygl16yR,674,2.95,szúrós,finnougric,1,0
R_3MEgzBiFCJBMAUN,457,6.9,szúrós,finnougric,1,0
R_rkYNuZF0SgK0JGh,732,7,szúrós,finnougric,1,0
R_29oCgZSCYIJePHg,792,3.43,szúrós,finnougric,1,0
R_2pY9bqFFpuTAS1a,284,7,szúrós,finnougric,1,0
R_1GwflvMIvtpVDSz,652,6.66,szúrós,finnougric,1,0
R_3CHocKls9HFwIp0,569,1.17,szőrös,finnougric,1,0
R_231pwiLAC5ZSwkg,588,1.64,szőrös,finnougric,1,0
R_pK6D4qIrzWOHXrj,774,2.92,szőrös,finnougric,1,0
R_8nZbxNURhEAQ0wN,768,3.63,szőrös,finnougric,1,0
R_1KmaYsKDeil9Ulu,630,2.18,szőrös,finnougric,1,0
R_2f73AcR8uA82XLd,773,0,szőrös,finnougric,1,0
R_3ELPEMeSqeojjKD,4499,2.35,szőrös,finnougric,1,0
R_29QlGRes7a1ZuSt,1006,3.93,szőrös,finnougric,1,0
R_AgvhV0T99Hi9hAt,4604,-5.76,szőrös,finnougric,1,0
R_3QR929IrgiCVniq,519,1.81,szőrös,finnougric,1,0
R_2t6dfZt35dI0dhl,682,-0.89,szőrös,finnougric,1,0
R_3Po5gbqeIdAHi9l,668,2.46,szőrös,finnougric,1,0
R_32Mja3MNPo5Np98,536,-4.2,szőrös,finnougric,1,0
R_3qsVbzSPnkEZ9Pu,483,0.55,szőrös,finnougric,1,0
R_qBZVAGbiygl16yR,674,1.29,szőrös,finnougric,1,0
R_3MEgzBiFCJBMAUN,457,5.36,szőrös,finnougric,1,0
R_rkYNuZF0SgK0JGh,732,1.32,szőrös,finnougric,1,0
R_29oCgZSCYIJePHg,792,2.64,szőrös,finnougric,1,0
R_2pY9bqFFpuTAS1a,284,5.05,szőrös,finnougric,1,0
R_1GwflvMIvtpVDSz,652,4,szőrös,finnougric,1,0
R_3CHocKls9HFwIp0,569,1.21,szőtt,finnougric,0,0
R_231pwiLAC5ZSwkg,588,1.01,szőtt,finnougric,0,0
R_pK6D4qIrzWOHXrj,774,-4.72,szőtt,finnougric,0,0
R_8nZbxNURhEAQ0wN,768,-3.49,szőtt,finnougric,0,0
R_1KmaYsKDeil9Ulu,630,4.22,szőtt,finnougric,0,0
R_2f73AcR8uA82XLd,773,0.91,szőtt,finnougric,0,0
R_3ELPEMeSqeojjKD,4499,2.01,szőtt,finnougric,0,0
R_29QlGRes7a1ZuSt,1006,3.1,szőtt,finnougric,0,0
R_AgvhV0T99Hi9hAt,4604,-1.91,szőtt,finnougric,0,0
R_3QR929IrgiCVniq,519,1.05,szőtt,finnougric,0,0
R_2t6dfZt35dI0dhl,682,1.16,szőtt,finnougric,0,0
R_3Po5gbqeIdAHi9l,668,-2.21,szőtt,finnougric,0,0
R_32Mja3MNPo5Np98,536,0,szőtt,finnougric,0,0
R_3qsVbzSPnkEZ9Pu,483,2.3,szőtt,finnougric,0,0
R_qBZVAGbiygl16yR,674,1.7,szőtt,finnougric,0,0
R_3MEgzBiFCJBMAUN,457,0.99,szőtt,finnougric,0,0
R_rkYNuZF0SgK0JGh,732,1.48,szőtt,finnougric,0,0
R_29oCgZSCYIJePHg,792,1.77,szőtt,finnougric,0,0
R_2pY9bqFFpuTAS1a,284,-6.09,szőtt,finnougric,0,0
R_1GwflvMIvtpVDSz,652,0.73,szőtt,finnougric,0,0
R_3CHocKls9HFwIp0,569,-6.95,sík,unknown,0,0
R_231pwiLAC5ZSwkg,588,0,sík,unknown,0,0
R_pK6D4qIrzWOHXrj,774,-4.25,sík,unknown,0,0
R_8nZbxNURhEAQ0wN,768,-6.98,sík,unknown,0,0
R_1KmaYsKDeil9Ulu,630,-6.3,sík,unknown,0,0
R_2f73AcR8uA82XLd,773,-0.2,sík,unknown,0,0
R_3ELPEMeSqeojjKD,4499,-7,sík,unknown,0,0
R_29QlGRes7a1ZuSt,1006,-6.95,sík,unknown,0,0
R_AgvhV0T99Hi9hAt,4604,-5.34,sík,unknown,0,0
R_3QR929IrgiCVniq,519,-2.37,sík,unknown,0,0
R_2t6dfZt35dI0dhl,682,-6.98,sík,unknown,0,0
R_3Po5gbqeIdAHi9l,668,-6.78,sík,unknown,0,0
R_32Mja3MNPo5Np98,536,-3.02,sík,unknown,0,0
R_3qsVbzSPnkEZ9Pu,483,-5.53,sík,unknown,0,0
R_qBZVAGbiygl16yR,674,-5.37,sík,unknown,0,0
R_3MEgzBiFCJBMAUN,457,-1.6,sík,unknown,0,0
R_rkYNuZF0SgK0JGh,732,-2.74,sík,unknown,0,0
R_29oCgZSCYIJePHg,792,-6.98,sík,unknown,0,0
R_2pY9bqFFpuTAS1a,284,-7,sík,unknown,0,0
R_1GwflvMIvtpVDSz,652,-5.46,sík,unknown,0,0
R_3CHocKls9HFwIp0,569,5.53,sörtés,turkic,1,0
R_231pwiLAC5ZSwkg,588,5.48,sörtés,turkic,1,0
R_pK6D4qIrzWOHXrj,774,4.27,sörtés,turkic,1,0
R_8nZbxNURhEAQ0wN,768,0.71,sörtés,turkic,1,0
R_1KmaYsKDeil9Ulu,630,3.25,sörtés,turkic,1,0
R_2f73AcR8uA82XLd,773,2.35,sörtés,turkic,1,0
R_3ELPEMeSqeojjKD,4499,4.01,sörtés,turkic,1,0
R_29QlGRes7a1ZuSt,1006,7,sörtés,turkic,1,0
R_AgvhV0T99Hi9hAt,4604,1.81,sörtés,turkic,1,0
R_3QR929IrgiCVniq,519,4.04,sörtés,turkic,1,0
R_2t6dfZt35dI0dhl,682,6.05,sörtés,turkic,1,0
R_3Po5gbqeIdAHi9l,668,4.12,sörtés,turkic,1,0
R_32Mja3MNPo5Np98,536,6.15,sörtés,turkic,1,0
R_3qsVbzSPnkEZ9Pu,483,2.25,sörtés,turkic,1,0
R_qBZVAGbiygl16yR,674,1.41,sörtés,turkic,1,0
R_3MEgzBiFCJBMAUN,457,3.1,sörtés,turkic,1,0
R_rkYNuZF0SgK0JGh,732,5.86,sörtés,turkic,1,0
R_29oCgZSCYIJePHg,792,2.03,sörtés,turkic,1,0
R_2pY9bqFFpuTAS1a,284,7,sörtés,turkic,1,0
R_1GwflvMIvtpVDSz,652,4.28,sörtés,turkic,1,0
R_3CHocKls9HFwIp0,569,1.53,tollas,finnougric,0,1
R_231pwiLAC5ZSwkg,588,0,tollas,finnougric,0,1
R_pK6D4qIrzWOHXrj,774,-3.25,tollas,finnougric,0,1
R_8nZbxNURhEAQ0wN,768,-4.75,tollas,finnougric,0,1
R_1KmaYsKDeil9Ulu,630,2.35,tollas,finnougric,0,1
R_2f73AcR8uA82XLd,773,1.3,tollas,finnougric,0,1
R_3ELPEMeSqeojjKD,4499,-3.49,tollas,finnougric,0,1
R_29QlGRes7a1ZuSt,1006,-1.89,tollas,finnougric,0,1
R_AgvhV0T99Hi9hAt,4604,0,tollas,finnougric,0,1
R_3QR929IrgiCVniq,519,-2.6,tollas,finnougric,0,1
R_2t6dfZt35dI0dhl,682,-1.05,tollas,finnougric,0,1
R_3Po5gbqeIdAHi9l,668,0,tollas,finnougric,0,1
R_32Mja3MNPo5Np98,536,-2.98,tollas,finnougric,0,1
R_3qsVbzSPnkEZ9Pu,483,2.02,tollas,finnougric,0,1
R_qBZVAGbiygl16yR,674,-1.89,tollas,finnougric,0,1
R_3MEgzBiFCJBMAUN,457,-5.78,tollas,finnougric,0,1
R_rkYNuZF0SgK0JGh,732,-2.64,tollas,finnougric,0,1
R_29oCgZSCYIJePHg,792,-4.1,tollas,finnougric,0,1
R_2pY9bqFFpuTAS1a,284,-1.81,tollas,finnougric,0,1
R_1GwflvMIvtpVDSz,652,0,tollas,finnougric,0,1
R_3CHocKls9HFwIp0,569,-1.3,tompa,slavic,0,0
R_231pwiLAC5ZSwkg,588,-3.06,tompa,slavic,0,0
R_pK6D4qIrzWOHXrj,774,0,tompa,slavic,0,0
R_8nZbxNURhEAQ0wN,768,0,tompa,slavic,0,0
R_1KmaYsKDeil9Ulu,630,-2.26,tompa,slavic,0,0
R_2f73AcR8uA82XLd,773,-1.81,tompa,slavic,0,0
R_3ELPEMeSqeojjKD,4499,-4.96,tompa,slavic,0,0
R_29QlGRes7a1ZuSt,1006,-3.16,tompa,slavic,0,0
R_AgvhV0T99Hi9hAt,4604,0.16,tompa,slavic,0,0
R_3QR929IrgiCVniq,519,-1.62,tompa,slavic,0,0
R_2t6dfZt35dI0dhl,682,-3.98,tompa,slavic,0,0
R_3Po5gbqeIdAHi9l,668,-2.9,tompa,slavic,0,0
R_32Mja3MNPo5Np98,536,-1.91,tompa,slavic,0,0
R_3qsVbzSPnkEZ9Pu,483,0,tompa,slavic,0,0
R_qBZVAGbiygl16yR,674,-6.24,tompa,slavic,0,0
R_3MEgzBiFCJBMAUN,457,-3.51,tompa,slavic,0,0
R_rkYNuZF0SgK0JGh,732,-1.44,tompa,slavic,0,0
R_29oCgZSCYIJePHg,792,-4.57,tompa,slavic,0,0
R_2pY9bqFFpuTAS1a,284,-4.91,tompa,slavic,0,0
R_1GwflvMIvtpVDSz,652,1.4,tompa,slavic,0,0
R_3CHocKls9HFwIp0,569,5.11,tüskés,from other,0,0
R_231pwiLAC5ZSwkg,588,6.59,tüskés,from other,0,0
R_pK6D4qIrzWOHXrj,774,4.86,tüskés,from other,0,0
R_8nZbxNURhEAQ0wN,768,6.94,tüskés,from other,0,0
R_1KmaYsKDeil9Ulu,630,6.19,tüskés,from other,0,0
R_2f73AcR8uA82XLd,773,0,tüskés,from other,0,0
R_3ELPEMeSqeojjKD,4499,7,tüskés,from other,0,0
R_29QlGRes7a1ZuSt,1006,5.85,tüskés,from other,0,0
R_AgvhV0T99Hi9hAt,4604,5.97,tüskés,from other,0,0
R_3QR929IrgiCVniq,519,5.48,tüskés,from other,0,0
R_2t6dfZt35dI0dhl,682,7,tüskés,from other,0,0
R_3Po5gbqeIdAHi9l,668,1.01,tüskés,from other,0,0
R_32Mja3MNPo5Np98,536,7,tüskés,from other,0,0
R_3qsVbzSPnkEZ9Pu,483,5.91,tüskés,from other,0,0
R_qBZVAGbiygl16yR,674,3.2,tüskés,from other,0,0
R_3MEgzBiFCJBMAUN,457,7,tüskés,from other,0,0
R_rkYNuZF0SgK0JGh,732,6.33,tüskés,from other,0,0
R_29oCgZSCYIJePHg,792,6.57,tüskés,from other,0,0
R_2pY9bqFFpuTAS1a,284,5.99,tüskés,from other,0,0
R_1GwflvMIvtpVDSz,652,5.07,tüskés,from other,0,0
R_3CHocKls9HFwIp0,569,-1.94,viaszos,slavic,0,0
R_231pwiLAC5ZSwkg,588,0,viaszos,slavic,0,0
R_pK6D4qIrzWOHXrj,774,-4.77,viaszos,slavic,0,0
R_8nZbxNURhEAQ0wN,768,-5.13,viaszos,slavic,0,0
R_1KmaYsKDeil9Ulu,630,-3.32,viaszos,slavic,0,0
R_2f73AcR8uA82XLd,773,0,viaszos,slavic,0,0
R_3ELPEMeSqeojjKD,4499,-4.34,viaszos,slavic,0,0
R_29QlGRes7a1ZuSt,1006,-5.02,viaszos,slavic,0,0
R_AgvhV0T99Hi9hAt,4604,-4,viaszos,slavic,0,0
R_3QR929IrgiCVniq,519,-1.3,viaszos,slavic,0,0
R_2t6dfZt35dI0dhl,682,-6.98,viaszos,slavic,0,0
R_3Po5gbqeIdAHi9l,668,0,viaszos,slavic,0,0
R_32Mja3MNPo5Np98,536,0,viaszos,slavic,0,0
R_3qsVbzSPnkEZ9Pu,483,-4.67,viaszos,slavic,0,0
R_qBZVAGbiygl16yR,674,-6.06,viaszos,slavic,0,0
R_3MEgzBiFCJBMAUN,457,1.87,viaszos,slavic,0,0
R_rkYNuZF0SgK0JGh,732,-4.97,viaszos,slavic,0,0
R_29oCgZSCYIJePHg,792,1.18,viaszos,slavic,0,0
R_2pY9bqFFpuTAS1a,284,-3.47,viaszos,slavic,0,0
R_1GwflvMIvtpVDSz,652,-5.95,viaszos,slavic,0,0
R_3CHocKls9HFwIp0,569,-1.32,zsíros,slavic,1,0
R_231pwiLAC5ZSwkg,588,0,zsíros,slavic,1,0
R_pK6D4qIrzWOHXrj,774,-4.72,zsíros,slavic,1,0
R_8nZbxNURhEAQ0wN,768,0,zsíros,slavic,1,0
R_1KmaYsKDeil9Ulu,630,-2.88,zsíros,slavic,1,0
R_2f73AcR8uA82XLd,773,-0.32,zsíros,slavic,1,0
R_3ELPEMeSqeojjKD,4499,-4.77,zsíros,slavic,1,0
R_29QlGRes7a1ZuSt,1006,-5.79,zsíros,slavic,1,0
R_AgvhV0T99Hi9hAt,4604,-6.13,zsíros,slavic,1,0
R_3QR929IrgiCVniq,519,-3.08,zsíros,slavic,1,0
R_2t6dfZt35dI0dhl,682,0.95,zsíros,slavic,1,0
R_3Po5gbqeIdAHi9l,668,0,zsíros,slavic,1,0
R_32Mja3MNPo5Np98,536,-3.04,zsíros,slavic,1,0
R_3qsVbzSPnkEZ9Pu,483,-4.44,zsíros,slavic,1,0
R_qBZVAGbiygl16yR,674,-3.77,zsíros,slavic,1,0
R_3MEgzBiFCJBMAUN,457,-3.94,zsíros,slavic,1,0
R_rkYNuZF0SgK0JGh,732,-3.75,zsíros,slavic,1,0
R_29oCgZSCYIJePHg,792,-6.07,zsíros,slavic,1,0
R_2pY9bqFFpuTAS1a,284,-6.76,zsíros,slavic,1,0
R_1GwflvMIvtpVDSz,652,-4.34,zsíros,slavic,1,0
R_3CHocKls9HFwIp0,569,7,érdes,innovation,1,0
R_231pwiLAC5ZSwkg,588,5.11,érdes,innovation,1,0
R_pK6D4qIrzWOHXrj,774,7,érdes,innovation,1,0
R_8nZbxNURhEAQ0wN,768,7,érdes,innovation,1,0
R_1KmaYsKDeil9Ulu,630,7,érdes,innovation,1,0
R_2f73AcR8uA82XLd,773,2.09,érdes,innovation,1,0
R_3ELPEMeSqeojjKD,4499,7,érdes,innovation,1,0
R_29QlGRes7a1ZuSt,1006,7,érdes,innovation,1,0
R_AgvhV0T99Hi9hAt,4604,7,érdes,innovation,1,0
R_3QR929IrgiCVniq,519,7,érdes,innovation,1,0
R_2t6dfZt35dI0dhl,682,7,érdes,innovation,1,0
R_3Po5gbqeIdAHi9l,668,7,érdes,innovation,1,0
R_32Mja3MNPo5Np98,536,7,érdes,innovation,1,0
R_3qsVbzSPnkEZ9Pu,483,7,érdes,innovation,1,0
R_qBZVAGbiygl16yR,674,6.88,érdes,innovation,1,0
R_3MEgzBiFCJBMAUN,457,3.19,érdes,innovation,1,0
R_rkYNuZF0SgK0JGh,732,7,érdes,innovation,1,0
R_29oCgZSCYIJePHg,792,7,érdes,innovation,1,0
R_2pY9bqFFpuTAS1a,284,7,érdes,innovation,1,0
R_1GwflvMIvtpVDSz,652,7,érdes,innovation,1,0
R_3CHocKls9HFwIp0,569,0,üveges,misc,0,0
R_231pwiLAC5ZSwkg,588,0,üveges,misc,0,0
R_pK6D4qIrzWOHXrj,774,0.12,üveges,misc,0,0
R_8nZbxNURhEAQ0wN,768,-3.73,üveges,misc,0,0
R_1KmaYsKDeil9Ulu,630,-4.91,üveges,misc,0,0
R_2f73AcR8uA82XLd,773,-1.28,üveges,misc,0,0
R_3ELPEMeSqeojjKD,4499,-2.52,üveges,misc,0,0
R_29QlGRes7a1ZuSt,1006,0,üveges,misc,0,0
R_AgvhV0T99Hi9hAt,4604,-1.7,üveges,misc,0,0
R_3QR929IrgiCVniq,519,-2.43,üveges,misc,0,0
R_2t6dfZt35dI0dhl,682,-5.23,üveges,misc,0,0
R_3Po5gbqeIdAHi9l,668,0,üveges,misc,0,0
R_32Mja3MNPo5Np98,536,-3.04,üveges,misc,0,0
R_3qsVbzSPnkEZ9Pu,483,-4.15,üveges,misc,0,0
R_qBZVAGbiygl16yR,674,-3.71,üveges,misc,0,0
R_3MEgzBiFCJBMAUN,457,0.93,üveges,misc,0,0
R_rkYNuZF0SgK0JGh,732,-7,üveges,misc,0,0
R_29oCgZSCYIJePHg,792,-2.41,üveges,misc,0,0
R_2pY9bqFFpuTAS1a,284,-7,üveges,misc,0,0
R_1GwflvMIvtpVDSz,652,0.37,üveges,misc,0,0
R_3CHocKls9HFwIp0,569,4.63,rozsdás,slavic,1,0
R_231pwiLAC5ZSwkg,588,1.32,rozsdás,slavic,1,0
R_pK6D4qIrzWOHXrj,774,3.92,rozsdás,slavic,1,0
R_8nZbxNURhEAQ0wN,768,4.26,rozsdás,slavic,1,0
R_1KmaYsKDeil9Ulu,630,3.83,rozsdás,slavic,1,0
R_2f73AcR8uA82XLd,773,3.29,rozsdás,slavic,1,0
R_3ELPEMeSqeojjKD,4499,4.39,rozsdás,slavic,1,0
R_29QlGRes7a1ZuSt,1006,4.42,rozsdás,slavic,1,0
R_AgvhV0T99Hi9hAt,4604,0,rozsdás,slavic,1,0
R_3QR929IrgiCVniq,519,1.06,rozsdás,slavic,1,0
R_2t6dfZt35dI0dhl,682,2.96,rozsdás,slavic,1,0
R_3Po5gbqeIdAHi9l,668,0,rozsdás,slavic,1,0
R_32Mja3MNPo5Np98,536,2.15,rozsdás,slavic,1,0
R_3qsVbzSPnkEZ9Pu,483,0,rozsdás,slavic,1,0
R_qBZVAGbiygl16yR,674,2.37,rozsdás,slavic,1,0
R_3MEgzBiFCJBMAUN,457,3.86,rozsdás,slavic,1,0
R_rkYNuZF0SgK0JGh,732,5.99,rozsdás,slavic,1,0
R_29oCgZSCYIJePHg,792,5.26,rozsdás,slavic,1,0
R_2pY9bqFFpuTAS1a,284,7,rozsdás,slavic,1,0
R_1GwflvMIvtpVDSz,652,2.37,rozsdás,slavic,1,0
R_3CHocKls9HFwIp0,569,2.62,lyukacsos,finnougric,0,0
R_231pwiLAC5ZSwkg,588,0.47,lyukacsos,finnougric,0,0
R_pK6D4qIrzWOHXrj,774,3.01,lyukacsos,finnougric,0,0
R_8nZbxNURhEAQ0wN,768,0,lyukacsos,finnougric,0,0
R_1KmaYsKDeil9Ulu,630,2.68,lyukacsos,finnougric,0,0
R_2f73AcR8uA82XLd,773,0,lyukacsos,finnougric,0,0
R_3ELPEMeSqeojjKD,4499,4.06,lyukacsos,finnougric,0,0
R_29QlGRes7a1ZuSt,1006,0,lyukacsos,finnougric,0,0
R_AgvhV0T99Hi9hAt,4604,2.15,lyukacsos,finnougric,0,0
R_3QR929IrgiCVniq,519,0.95,lyukacsos,finnougric,0,0
R_2t6dfZt35dI0dhl,682,3.19,lyukacsos,finnougric,0,0
R_3Po5gbqeIdAHi9l,668,6.47,lyukacsos,finnougric,0,0
R_32Mja3MNPo5Np98,536,0,lyukacsos,finnougric,0,0
R_3qsVbzSPnkEZ9Pu,483,2.16,lyukacsos,finnougric,0,0
R_qBZVAGbiygl16yR,674,2.2,lyukacsos,finnougric,0,0
R_3MEgzBiFCJBMAUN,457,-1.16,lyukacsos,finnougric,0,0
R_rkYNuZF0SgK0JGh,732,3.1,lyukacsos,finnougric,0,0
R_29oCgZSCYIJePHg,792,1.6,lyukacsos,finnougric,0,0
R_2pY9bqFFpuTAS1a,284,5.8,lyukacsos,finnougric,0,0
R_1GwflvMIvtpVDSz,652,1.58,lyukacsos,finnougric,0,0
